,agent,avg_reward,std_reward,step,test_id
0,iqld,-116.65972222222223,73.61906108799809,720,-1
1,iqld,-110.03888888888889,62.805684800102895,1440,-1
2,iqld,-112.67222222222222,69.22309590138858,2160,-1
3,iqld,-105.60138888888889,60.64011093019655,2880,-1
4,iqld,-119.21805555555555,76.16415719131658,3600,-1
5,iqld,-141.89444444444445,90.10139333132932,4320,-1
6,iqld,-167.21527777777777,111.09017628300671,5040,-1
7,iqld,-134.34583333333333,78.02943610782764,5760,-1
8,iqld,-140.36388888888888,92.68485029262027,6480,-1
9,iqld,-117.86944444444444,75.71444643983972,7200,-1
10,iqld,-95.70833333333333,54.53083671444789,7920,-1
11,iqld,-108.31388888888888,59.15066756821458,8640,-1
12,iqld,-144.00833333333333,92.01077797676143,9360,-1
13,iqld,-121.80833333333334,71.09849926139245,10080,-1
14,iqld,-150.19722222222222,92.49001443432545,10800,-1
15,iqld,-130.77916666666667,82.2499399484752,11520,-1
16,iqld,-153.7,89.54400842292266,12240,-1
17,iqld,-119.4,72.22354186828558,12960,-1
18,iqld,-110.09305555555555,65.12271285467513,13680,-1
19,iqld,-131.79722222222222,86.90344573820326,14400,-1
20,iqld,-122.89861111111111,72.45097574884603,15120,-1
21,iqld,-132.01944444444445,81.73075485140367,15840,-1
22,iqld,-142.54166666666666,91.00362286744412,16560,-1
23,iqld,-100.69166666666666,56.32452532225884,17280,-1
24,iqld,-160.30416666666667,106.09056919221321,18000,-1
25,iqld,-161.2888888888889,89.82396295525851,18720,-1
26,iqld,-109.07222222222222,70.95033713454907,19440,-1
27,iqld,-95.38333333333334,55.948416222246884,20160,-1
28,iqld,-156.5013888888889,98.61762575311829,20880,-1
29,iqld,-112.51805555555555,65.35681726404525,21600,-1
30,iqld,-123.6361111111111,75.27407939869465,22320,-1
31,iqld,-166.1236111111111,101.64749818347659,23040,-1
32,iqld,-109.92916666666666,66.63127589265669,23760,-1
33,iqld,-122.89722222222223,78.6808461306785,24480,-1
34,iqld,-115.4486111111111,70.41458674059491,25200,-1
35,iqld,-139.9125,85.91128731543047,25920,-1
36,iqld,-164.68333333333334,109.52760813806007,26640,-1
37,iqld,-109.84444444444445,68.67158738212076,27360,-1
38,iqld,-120.35277777777777,71.46120154053726,28080,-1
39,iqld,-133.4986111111111,77.23253127380895,28800,-1
40,iqld,-92.74305555555556,53.866701027188114,29520,-1
41,iqld,-117.0875,74.29144454537742,30240,-1
42,iqld,-87.59722222222223,53.70230693426241,30960,-1
43,iqld,-129.2888888888889,84.04165560329716,31680,-1
44,iqld,-125.49166666666666,76.47919061563232,32400,-1
45,iqld,-119.45833333333333,75.53522678930084,33120,-1
46,iqld,-115.58333333333333,68.3378148936915,33840,-1
47,iqld,-145.1611111111111,91.61494988925048,34560,-1
48,iqld,-125.2388888888889,84.92737838156451,35280,-1
49,iqld,-120.19027777777778,77.38781245512439,36000,-1
50,iqld,-135.99583333333334,85.25009764983002,36720,-1
51,iqld,-124.65416666666667,78.02552010845199,37440,-1
52,iqld,-113.24166666666666,66.68701720641648,38160,-1
53,iqld,-117.84583333333333,81.19162764291374,38880,-1
54,iqld,-118.37361111111112,69.95064230714468,39600,-1
55,iqld,-119.8236111111111,77.57967766728525,40320,-1
56,iqld,-105.89305555555555,66.17775689255603,41040,-1
57,iqld,-138.82916666666668,83.42431689444965,41760,-1
58,iqld,-107.0125,62.45405964364704,42480,-1
59,iqld,-90.40694444444445,53.487067041141636,43200,-1
60,iqld,-115.05972222222222,78.08215431290982,43920,-1
61,iqld,-129.12222222222223,82.57961852092639,44640,-1
62,iqld,-92.14444444444445,54.90619497755768,45360,-1
63,iqld,-153.13194444444446,106.83904343345036,46080,-1
64,iqld,-106.20277777777778,67.08746772398914,46800,-1
65,iqld,-124.7875,86.55026227173177,47520,-1
66,iqld,-134.23472222222222,86.65632415807576,48240,-1
67,iqld,-111.41944444444445,67.07350163748409,48960,-1
68,iqld,-143.77083333333334,90.63483806753216,49680,-1
69,iqld,-107.04583333333333,69.82833601351723,50400,-1
70,iqld,-168.45277777777778,112.33136987925776,51120,-1
71,iqld,-101.92222222222222,68.93275350784154,51840,-1
72,iqld,-99.09583333333333,56.59171989272518,52560,-1
73,iqld,-117.31527777777778,78.01628597735615,53280,-1
74,iqld,-124.08472222222223,80.4448727040281,54000,-1
75,iqld,-124.28472222222223,85.75127656925098,54720,-1
76,iqld,-168.00277777777777,109.220241271456,55440,-1
77,iqld,-130.1375,84.91771660701906,56160,-1
78,iqld,-137.38888888888889,88.50084047867624,56880,-1
79,iqld,-119.2125,76.64570807274353,57600,-1
80,iqld,-125.93333333333334,75.33935079211778,58320,-1
81,iqld,-139.06944444444446,88.28950585508905,59040,-1
82,iqld,-84.09305555555555,53.24235424084875,59760,-1
83,iqld,-85.1,52.29152788826206,60480,-1
84,iqld,-105.90833333333333,64.53145174168088,61200,-1
85,iqld,-146.17916666666667,94.01806776344759,61920,-1
86,iqld,-85.61527777777778,53.728101895155135,62640,-1
87,iqld,-101.03333333333333,57.75502864109179,63360,-1
88,iqld,-113.51944444444445,68.11372972807418,64080,-1
89,iqld,-108.79166666666667,61.47434819590291,64800,-1
90,iqld,-104.77361111111111,65.66599088708018,65520,-1
91,iqld,-116.0513888888889,83.15256308780258,66240,-1
92,iqld,-80.10694444444445,49.9024710654829,66960,-1
93,iqld,-103.06527777777778,61.63134046652415,67680,-1
94,iqld,-77.64027777777778,49.909220812842406,68400,-1
95,iqld,-127.45277777777778,88.02927538959572,69120,-1
96,iqld,-121.95694444444445,76.03787127768214,69840,-1
97,iqld,-87.79861111111111,56.68232380031998,70560,-1
98,iqld,-96.29722222222222,60.19221980968374,71280,-1
99,iqld,-156.18333333333334,99.37360620965262,72000,-1
100,iqld,-87.9375,55.55613011855667,72720,-1
101,iqld,-143.69583333333333,91.53569725264444,73440,-1
102,iqld,-105.14722222222223,64.9916276065665,74160,-1
103,iqld,-152.37222222222223,98.56613857121272,74880,-1
104,iqld,-74.91111111111111,45.07934842387352,75600,-1
105,iqld,-110.20277777777778,69.83677790276056,76320,-1
106,iqld,-116.14444444444445,79.09650380124425,77040,-1
107,iqld,-111.24861111111112,66.22070105390752,77760,-1
108,iqld,-89.68333333333334,55.972982073695356,78480,-1
109,iqld,-109.23194444444445,68.50557829352474,79200,-1
110,iqld,-93.23611111111111,62.52870297701412,79920,-1
111,iqld,-126.25694444444444,80.87264907520563,80640,-1
112,iqld,-83.09722222222223,51.670607301933444,81360,-1
113,iqld,-156.7111111111111,108.7182259527858,82080,-1
114,iqld,-117.89305555555555,75.38068907291857,82800,-1
115,iqld,-100.31666666666666,67.95521196592159,83520,-1
116,iqld,-118.15,75.86524786312461,84240,-1
117,iqld,-133.325,90.83556533954945,84960,-1
118,iqld,-87.51944444444445,56.03195675209938,85680,-1
119,iqld,-158.92361111111111,103.83253610322029,86400,-1
120,iqld,-104.58055555555555,68.45478361437831,87120,-1
121,iqld,-88.28055555555555,49.659721658975435,87840,-1
122,iqld,-115.08888888888889,70.98803020297693,88560,-1
123,iqld,-156.5986111111111,102.68270301307318,89280,-1
124,iqld,-131.76805555555555,94.79224553140305,90000,-1
125,iqld,-130.50694444444446,84.92602962184354,90720,-1
126,iqld,-115.63194444444444,74.79376705758028,91440,-1
127,iqld,-104.2125,65.99303927414535,92160,-1
128,iqld,-107.75416666666666,67.45602978875284,92880,-1
129,iqld,-138.425,95.6356653456811,93600,-1
130,iqld,-117.33194444444445,74.68433259464815,94320,-1
131,iqld,-133.86666666666667,91.04310029382299,95040,-1
132,iqld,-89.03333333333333,56.90878666778971,95760,-1
133,iqld,-108.75694444444444,68.90245183185688,96480,-1
134,iqld,-86.78055555555555,54.74061725509802,97200,-1
135,iqld,-120.31527777777778,85.50961148010437,97920,-1
136,iqld,-94.25972222222222,63.243669335625604,98640,-1
137,iqld,-98.67361111111111,57.56520817746977,99360,-1
138,iqld,-83.72222222222223,50.81612337695319,100080,-1
139,iqld,-108.94027777777778,66.15329873298967,100800,-1
140,iqld,-82.74722222222222,53.17685370592856,101520,-1
141,iqld,-92.49583333333334,55.93515575472688,102240,-1
142,iqld,-77.17361111111111,48.04502082264889,102960,-1
143,iqld,-107.11805555555556,65.63185377202498,103680,-1
144,iqld,-82.41527777777777,50.42870148294691,104400,-1
145,iqld,-97.42916666666666,61.91726544685793,105120,-1
146,iqld,-79.80833333333334,50.352583929063,105840,-1
147,iqld,-70.17777777777778,42.180617659925744,106560,-1
148,iqld,-76.74166666666666,45.1966067740587,107280,-1
149,iqld,-85.85555555555555,52.81031277887368,108000,-1
150,iqld,-78.26944444444445,47.65002226561474,108720,-1
151,iqld,-80.34583333333333,47.91947654804765,109440,-1
152,iqld,-89.06111111111112,50.95566306864657,110160,-1
153,iqld,-88.62361111111112,57.9442859637494,110880,-1
154,iqld,-87.34305555555555,54.54852917456184,111600,-1
155,iqld,-97.05972222222222,61.2320771049742,112320,-1
156,iqld,-171.74027777777778,120.24530732322228,113040,-1
157,iqld,-106.88055555555556,68.88603438306411,113760,-1
158,iqld,-80.95555555555555,49.424670203162286,114480,-1
159,iqld,-107.48194444444445,70.29256090399153,115200,-1
160,iqld,-100.7125,69.97685616906175,115920,-1
161,iqld,-106.39444444444445,68.39580455149945,116640,-1
162,iqld,-86.42777777777778,56.914729645473,117360,-1
163,iqld,-103.03888888888889,68.36674905641785,118080,-1
164,iqld,-128.44583333333333,84.15290223670904,118800,-1
165,iqld,-75.40277777777777,49.93466835170793,119520,-1
166,iqld,-106.98333333333333,64.53338713840732,120240,-1
167,iqld,-92.85555555555555,62.26481280450658,120960,-1
168,iqld,-64.775,37.28537749574222,121680,-1
169,iqld,-72.83333333333333,42.86830608580967,122400,-1
170,iqld,-97.59444444444445,56.20144296508787,123120,-1
171,iqld,-74.87638888888888,44.14996537388713,123840,-1
172,iqld,-127.25416666666666,84.52202611926405,124560,-1
173,iqld,-133.20694444444445,88.19119196758587,125280,-1
174,iqld,-152.36388888888888,101.72677636355625,126000,-1
175,iqld,-126.13333333333334,81.31617988513179,126720,-1
176,iqld,-109.83333333333333,73.07739428548035,127440,-1
177,iqld,-125.83194444444445,85.94690435636038,128160,-1
178,iqld,-137.91666666666666,93.44672427526702,128880,-1
179,iqld,-115.84305555555555,84.02690760568719,129600,-1
180,iqld,-109.21527777777777,75.6245076379238,130320,-1
181,iqld,-102.24861111111112,67.36334416401755,131040,-1
182,iqld,-137.90277777777777,92.22298757212539,131760,-1
183,iqld,-76.45138888888889,47.00620967564804,132480,-1
184,iqld,-80.27916666666667,46.10297784278389,133200,-1
185,iqld,-94.175,53.92909375075551,133920,-1
186,iqld,-114.6986111111111,76.94783224340941,134640,-1
187,iqld,-88.66805555555555,57.887986487288266,135360,-1
188,iqld,-129.81527777777777,85.89229715774256,136080,-1
189,iqld,-102.38194444444444,67.93000855944155,136800,-1
190,iqld,-131.82361111111112,92.15750857613217,137520,-1
191,iqld,-126.65138888888889,87.99860714342073,138240,-1
192,iqld,-117.35694444444445,76.29758319746891,138960,-1
193,iqld,-86.25,54.15003590847275,139680,-1
194,iqld,-155.6652777777778,110.3384334920448,140400,-1
195,iqld,-101.67777777777778,64.46219008548564,141120,-1
196,iqld,-71.43472222222222,49.293944466171,141840,-1
197,iqld,-74.76527777777778,51.56058103425044,142560,-1
198,iqld,-94.41805555555555,56.5601347298924,143280,-1
199,iqld,-77.75,42.533075364943926,144000,-1
200,iqld,-63.297222222222224,39.22191837701006,144720,-1
201,iqld,-80.39305555555555,49.66652356352115,145440,-1
202,iqld,-84.23333333333333,51.15264194328362,146160,-1
203,iqld,-58.05972222222222,34.13332584522306,146880,-1
204,iqld,-102.68472222222222,64.92319641897011,147600,-1
205,iqld,-148.48333333333332,99.52322314135753,148320,-1
206,iqld,-135.68472222222223,92.90779054722637,149040,-1
207,iqld,-98.00277777777778,57.055771867489995,149760,-1
208,iqld,-74.37777777777778,45.40480341152802,150480,-1
209,iqld,-82.8861111111111,54.94568860236128,151200,-1
210,iqld,-64.00694444444444,36.69758100712759,151920,-1
211,iqld,-95.13888888888889,64.21342572398608,152640,-1
212,iqld,-85.45555555555555,55.576331115385024,153360,-1
213,iqld,-97.45277777777778,67.2884792273417,154080,-1
214,iqld,-73.74166666666666,45.85450950197447,154800,-1
215,iqld,-107.04305555555555,74.18752202356481,155520,-1
216,iqld,-101.05416666666666,68.73900808593974,156240,-1
217,iqld,-99.19583333333334,64.93551702672258,156960,-1
218,iqld,-93.5625,57.8117537489374,157680,-1
219,iqld,-103.23611111111111,60.63407848533226,158400,-1
220,iqld,-101.22083333333333,65.70400680640921,159120,-1
221,iqld,-78.82222222222222,47.6187002897386,159840,-1
222,iqld,-61.231944444444444,37.653505541349915,160560,-1
223,iqld,-99.82916666666667,64.64024360837449,161280,-1
224,iqld,-83.40416666666667,48.69245018338173,162000,-1
225,iqld,-114.90694444444445,78.85743786942514,162720,-1
226,iqld,-94.49861111111112,63.567352716660466,163440,-1
227,iqld,-108.23055555555555,77.0216575582783,164160,-1
228,iqld,-125.58472222222223,89.98108467851918,164880,-1
229,iqld,-78.4486111111111,45.28809168060614,165600,-1
230,iqld,-79.99166666666666,50.74489506344457,166320,-1
231,iqld,-165.6861111111111,116.3530968235573,167040,-1
232,iqld,-118.53055555555555,88.74386776762675,167760,-1
233,iqld,-114.59027777777777,75.29639702853248,168480,-1
234,iqld,-131.90972222222223,102.53248219700133,169200,-1
235,iqld,-110.97916666666667,76.06081893513462,169920,-1
236,iqld,-101.07916666666667,65.07993469039098,170640,-1
237,iqld,-70.53055555555555,45.37818442725072,171360,-1
238,iqld,-101.39444444444445,62.500733082120476,172080,-1
239,iqld,-75.74305555555556,42.10267649973524,172800,-1
240,iqld,-100.31111111111112,73.57428512801714,173520,-1
241,iqld,-117.68611111111112,83.08480491099901,174240,-1
242,iqld,-85.15277777777777,52.40219983778836,174960,-1
243,iqld,-81.98055555555555,53.44233298843636,175680,-1
244,iqld,-100.61666666666666,59.365115551512616,176400,-1
245,iqld,-84.6875,55.38236642124158,177120,-1
246,iqld,-99.00138888888888,66.63385649506054,177840,-1
247,iqld,-78.66944444444445,50.52366507909627,178560,-1
248,iqld,-88.33611111111111,53.60628929093311,179280,-1
249,iqld,-65.575,39.227044773557274,180000,-1
250,iqld,-55.07222222222222,35.921756105853106,180720,-1
251,iqld,-130.60555555555555,100.32830813673799,181440,-1
252,iqld,-110.02083333333333,70.44991017559923,182160,-1
253,iqld,-91.0375,60.788225142474936,182880,-1
254,iqld,-98.98472222222222,69.18344005396534,183600,-1
255,iqld,-78.81527777777778,46.296784624739395,184320,-1
256,iqld,-72.08472222222223,48.68295720419068,185040,-1
257,iqld,-84.24305555555556,53.00996323121429,185760,-1
258,iqld,-73.025,48.30550276337286,186480,-1
259,iqld,-108.35416666666667,69.96728091976674,187200,-1
260,iqld,-109.45138888888889,74.55732599270242,187920,-1
261,iqld,-67.10972222222222,40.542712935188014,188640,-1
262,iqld,-72.4486111111111,47.944152965993084,189360,-1
263,iqld,-85.68055555555556,53.39967914720735,190080,-1
264,iqld,-80.3125,51.08838593147501,190800,-1
265,iqld,-67.09722222222223,43.421435989555455,191520,-1
266,iqld,-61.99722222222222,40.3507881384622,192240,-1
267,iqld,-99.18472222222222,66.98205016545316,192960,-1
268,iqld,-121.01388888888889,79.43611917333945,193680,-1
269,iqld,-118.36111111111111,74.14346182974441,194400,-1
270,iqld,-79.23472222222222,52.79411441239929,195120,-1
271,iqld,-99.19444444444444,70.3222619423704,195840,-1
272,iqld,-96.38194444444444,63.11385176891064,196560,-1
273,iqld,-89.73333333333333,60.897327071427725,197280,-1
274,iqld,-78.3638888888889,50.911669982746574,198000,-1
275,iqld,-118.88888888888889,86.74274794464178,198720,-1
276,iqld,-88.17222222222222,57.48249304068882,199440,-1
277,iqld,-86.50972222222222,53.053614547828,200160,-1
278,iqld,-93.46527777777777,58.92765258188832,200880,-1
279,iqld,-90.49444444444444,59.904298419527485,201600,-1
280,iqld,-162.96944444444443,118.46783041879262,202320,-1
281,iqld,-138.84166666666667,94.25758111272653,203040,-1
282,iqld,-104.38472222222222,70.09993295234197,203760,-1
283,iqld,-123.07222222222222,82.69087552482274,204480,-1
284,iqld,-98.0625,66.45957613780475,205200,-1
285,iqld,-107.08333333333333,74.33068941486341,205920,-1
286,iqld,-79.11111111111111,52.62119755477602,206640,-1
287,iqld,-110.025,71.311752479284,207360,-1
288,iqld,-60.97083333333333,39.7009723415071,208080,-1
289,iqld,-156.4763888888889,107.27590077440448,208800,-1
290,iqld,-98.06805555555556,60.8953526925698,209520,-1
291,iqld,-122.48194444444445,85.42673733541912,210240,-1
292,iqld,-100.51388888888889,70.10701998761044,210960,-1
293,iqld,-134.325,95.50392625727781,211680,-1
294,iqld,-108.57777777777778,75.2839591558045,212400,-1
295,iqld,-104.23472222222222,66.36861846226353,213120,-1
296,iqld,-131.2722222222222,94.22784623545652,213840,-1
297,iqld,-89.60694444444445,60.46557520695577,214560,-1
298,iqld,-81.34027777777777,49.95010888577338,215280,-1
299,iqld,-98.97777777777777,69.39325980362098,216000,-1
300,iqld,-60.175,38.93773430462766,216720,-1
301,iqld,-129.8361111111111,93.37028034413953,217440,-1
302,iqld,-139.9986111111111,99.09175741180432,218160,-1
303,iqld,-126.18194444444444,92.45603433582919,218880,-1
304,iqld,-115.2611111111111,84.52326201104435,219600,-1
305,iqld,-96.69027777777778,69.1945318562943,220320,-1
306,iqld,-85.45833333333333,55.393550943328336,221040,-1
307,iqld,-80.67083333333333,49.76244941246138,221760,-1
308,iqld,-86.96944444444445,54.04467452150861,222480,-1
309,iqld,-97.51944444444445,67.55692792602746,223200,-1
310,iqld,-88.72777777777777,55.87310330417942,223920,-1
311,iqld,-124.28888888888889,82.50109352062411,224640,-1
312,iqld,-88.95277777777778,64.86214435294079,225360,-1
313,iqld,-84.74861111111112,51.95055740545673,226080,-1
314,iqld,-153.26527777777778,104.86703440776036,226800,-1
315,iqld,-92.93333333333334,61.437533768499826,227520,-1
316,iqld,-117.32916666666667,81.3847769984248,228240,-1
317,iqld,-124.87638888888888,84.45853682438165,228960,-1
318,iqld,-120.16527777777777,83.07357291334895,229680,-1
319,iqld,-110.36944444444444,72.27407065179217,230400,-1
320,iqld,-80.95138888888889,55.583936760981274,231120,-1
321,iqld,-141.4111111111111,101.49242111216914,231840,-1
322,iqld,-93.65138888888889,67.96720510873763,232560,-1
323,iqld,-103.0513888888889,82.6747568169248,233280,-1
324,iqld,-69.7,41.526952425837585,234000,-1
325,iqld,-105.21111111111111,69.11974222631403,234720,-1
326,iqld,-92.90555555555555,58.90964807060444,235440,-1
327,iqld,-105.08611111111111,70.39155036404811,236160,-1
328,iqld,-112.33055555555555,74.22614962787877,236880,-1
329,iqld,-73.36527777777778,50.06524814824213,237600,-1
330,iqld,-81.25972222222222,49.721759599803164,238320,-1
331,iqld,-73.00416666666666,53.00559440468944,239040,-1
332,iqld,-92.63472222222222,60.98409323504464,239760,-1
333,iqld,-97.3,69.3161356876353,240480,-1
334,iqld,-76.50138888888888,57.89425224074867,241200,-1
335,iqld,-53.24444444444445,33.425933415409034,241920,-1
336,iqld,-58.4625,35.850906301499386,242640,-1
337,iqld,-56.576388888888886,35.46899660680028,243360,-1
338,iqld,-112.13472222222222,74.12356361681603,244080,-1
339,iqld,-91.25694444444444,64.2894654546245,244800,-1
340,iqld,-74.93055555555556,49.02460447709703,245520,-1
341,iqld,-129.3527777777778,94.1084657489287,246240,-1
342,iqld,-104.3,75.35277404021404,246960,-1
343,iqld,-132.24166666666667,93.44355062163346,247680,-1
344,iqld,-115.86111111111111,79.27892138862138,248400,-1
345,iqld,-69.94583333333334,45.50062404181337,249120,-1
346,iqld,-86.94722222222222,56.960853936478514,249840,-1
347,iqld,-80.84583333333333,55.11684416234902,250560,-1
348,iqld,-117.50416666666666,86.52945859567777,251280,-1
349,iqld,-105.23611111111111,79.97786031416506,252000,-1
350,iqld,-60.49583333333333,36.30633529618335,252720,-1
351,iqld,-90.87777777777778,61.980387180637464,253440,-1
352,iqld,-85.29305555555555,59.804974306279,254160,-1
353,iqld,-82.3861111111111,48.90013436006182,254880,-1
354,iqld,-100.83888888888889,59.43889615851904,255600,-1
355,iqld,-110.69583333333334,73.16141199335283,256320,-1
356,iqld,-74.15694444444445,47.38235819839867,257040,-1
357,iqld,-81.76388888888889,52.008571156737545,257760,-1
358,iqld,-92.59027777777777,67.40291507816224,258480,-1
359,iqld,-109.72083333333333,76.42649779999226,259200,-1
360,iqld,-147.79722222222222,107.77706153112521,259920,-1
361,iqld,-147.94166666666666,106.52013079173763,260640,-1
362,iqld,-113.5375,74.42323587559495,261360,-1
363,iqld,-122.50833333333334,93.71017635656108,262080,-1
364,iqld,-100.20694444444445,65.79452617047191,262800,-1
365,iqld,-65.92083333333333,43.099988519913396,263520,-1
366,iqld,-114.37083333333334,75.4877840328781,264240,-1
367,iqld,-69.49861111111112,42.84925123504868,264960,-1
368,iqld,-82.81805555555556,54.942509919179486,265680,-1
369,iqld,-93.74166666666666,57.95527430221036,266400,-1
370,iqld,-96.18055555555556,64.48607222340705,267120,-1
371,iqld,-73.71805555555555,40.9774288358471,267840,-1
372,iqld,-70.64027777777778,39.83964092222379,268560,-1
373,iqld,-95.12777777777778,63.02541643879833,269280,-1
374,iqld,-95.33611111111111,69.84316419576466,270000,-1
375,iqld,-62.88194444444444,37.97548487873053,270720,-1
376,iqld,-75.54166666666667,53.6491528099207,271440,-1
377,iqld,-64.59166666666667,38.417443050723136,272160,-1
378,iqld,-106.91805555555555,67.91986869013958,272880,-1
379,iqld,-84.90416666666667,54.20007159051237,273600,-1
380,iqld,-96.80972222222222,71.6474289290625,274320,-1
381,iqld,-58.25277777777778,39.34946693208824,275040,-1
382,iqld,-78.43333333333334,47.771109353759925,275760,-1
383,iqld,-62.270833333333336,36.54514307864848,276480,-1
384,iqld,-54.361111111111114,29.478196064377425,277200,-1
385,iqld,-107.21527777777777,74.28957635818362,277920,-1
386,iqld,-102.98194444444445,72.35140677889962,278640,-1
387,iqld,-115.58194444444445,81.70729572074279,279360,-1
388,iqld,-80.22638888888889,52.19759597767665,280080,-1
389,iqld,-78.16944444444445,52.581541540758096,280800,-1
390,iqld,-115.21805555555555,74.34585811221334,281520,-1
391,iqld,-139.36805555555554,105.2228552042295,282240,-1
392,iqld,-98.44027777777778,69.361967564129,282960,-1
393,iqld,-112.34166666666667,87.74589219571605,283680,-1
394,iqld,-82.225,53.783252633964864,284400,-1
395,iqld,-111.475,85.50652631037391,285120,-1
396,iqld,-129.43055555555554,84.76333497006186,285840,-1
397,iqld,-128.70416666666668,94.17056029929596,286560,-1
398,iqld,-166.7736111111111,123.684141277799,287280,-1
399,iqld,-133.44861111111112,85.98706377682562,288000,-1
400,iqld,-161.775,116.72612502730009,288720,-1
401,iqld,-112.95138888888889,85.74297265188616,289440,-1
402,iqld,-50.356944444444444,31.600001434550286,290160,-1
403,iqld,-65.41944444444445,40.92906003375735,290880,-1
404,iqld,-131.6263888888889,88.78579480514942,291600,-1
405,iqld,-66.27361111111111,40.020742861447474,292320,-1
406,iqld,-78.09722222222223,58.80959382292386,293040,-1
407,iqld,-116.63333333333334,83.78878206538153,293760,-1
408,iqld,-75.79861111111111,52.65608805429908,294480,-1
409,iqld,-162.00833333333333,115.04063261638375,295200,-1
410,iqld,-108.96388888888889,70.05308563581454,295920,-1
411,iqld,-98.6,69.16864254205883,296640,-1
412,iqld,-170.97083333333333,128.57723785238971,297360,-1
413,iqld,-110.9888888888889,81.89925985887845,298080,-1
414,iqld,-137.24166666666667,115.94846766032649,298800,-1
415,iqld,-121.75138888888888,94.49859271888003,299520,-1
416,iqld,-123.83055555555555,90.05624267165382,300240,-1
417,iqld,-144.16805555555555,101.72344497376329,300960,-1
418,iqld,-59.4625,36.476304856334096,301680,-1
419,iqld,-139.91805555555555,99.77975861642715,302400,-1
420,iqld,-140.99027777777778,108.41177244874468,303120,-1
421,iqld,-92.80416666666666,61.332533820649466,303840,-1
422,iqld,-104.29722222222222,78.11107115338001,304560,-1
423,iqld,-146.72083333333333,123.1889407435902,305280,-1
424,iqld,-109.56666666666666,76.51126278747027,306000,-1
425,iqld,-85.8875,60.15879320020936,306720,-1
426,iqld,-112.90138888888889,78.91686904770874,307440,-1
427,iqld,-52.766666666666666,34.46807701821111,308160,-1
428,iqld,-78.70416666666667,55.07832790545761,308880,-1
429,iqld,-159.5263888888889,113.41565330560704,309600,-1
430,iqld,-131.93194444444444,99.35961387023079,310320,-1
431,iqld,-93.39444444444445,72.01359803862834,311040,-1
432,iqld,-101.88472222222222,83.68498663925166,311760,-1
433,iqld,-121.64166666666667,90.9728710324616,312480,-1
434,iqld,-73.2125,53.36762553141287,313200,-1
435,iqld,-156.67361111111111,116.19544298419456,313920,-1
436,iqld,-80.05972222222222,61.17629842358664,314640,-1
437,iqld,-157.43194444444444,125.65520872432018,315360,-1
438,iqld,-135.94027777777777,105.51832668588669,316080,-1
439,iqld,-106.92222222222222,79.20228711312961,316800,-1
440,iqld,-74.50972222222222,45.13304301889095,317520,-1
441,iqld,-84.50972222222222,51.09541635161672,318240,-1
442,iqld,-130.45555555555555,93.04407988942195,318960,-1
443,iqld,-121.06805555555556,87.2580278484273,319680,-1
444,iqld,-85.99722222222222,57.664523014641965,320400,-1
445,iqld,-108.58333333333333,80.1202134989112,321120,-1
446,iqld,-73.37638888888888,48.68066292189777,321840,-1
447,iqld,-81.46805555555555,50.85162601570728,322560,-1
448,iqld,-72.86111111111111,42.36377040833212,323280,-1
449,iqld,-62.46111111111111,31.8517161388151,324000,-1
450,iqld,-116.47361111111111,78.02945934612623,324720,-1
451,iqld,-74.86666666666666,46.35888384237816,325440,-1
452,iqld,-130.0222222222222,91.47362738064365,326160,-1
453,iqld,-64.51388888888889,35.276090838931445,326880,-1
454,iqld,-158.28333333333333,120.67159405225038,327600,-1
455,iqld,-72.74305555555556,48.30136105279508,328320,-1
456,iqld,-123.96944444444445,90.7414009376966,329040,-1
457,iqld,-83.51666666666667,54.15445759840807,329760,-1
458,iqld,-123.29583333333333,88.51529989765737,330480,-1
459,iqld,-97.53055555555555,62.62693030710796,331200,-1
460,iqld,-125.75555555555556,93.93889102450369,331920,-1
461,iqld,-136.8486111111111,101.59117756568283,332640,-1
462,iqld,-128.62777777777777,89.62195480991595,333360,-1
463,iqld,-176.80555555555554,138.4002487643165,334080,-1
464,iqld,-131.58333333333334,107.5144240969038,334800,-1
465,iqld,-144.11111111111111,116.50354734174354,335520,-1
466,iqld,-81.51388888888889,55.14929058059777,336240,-1
467,iqld,-64.64166666666667,39.9784238683818,336960,-1
468,iqld,-48.958333333333336,31.576906778002602,337680,-1
469,iqld,-129.64583333333334,102.53242500342675,338400,-1
470,iqld,-90.38472222222222,63.549569802989716,339120,-1
471,iqld,-121.89027777777778,80.77059706305779,339840,-1
472,iqld,-144.26388888888889,107.55470094787886,340560,-1
473,iqld,-76.59027777777777,51.124359978939324,341280,-1
474,iqld,-96.17222222222222,72.30109347225635,342000,-1
475,iqld,-112.12638888888888,92.36196531559881,342720,-1
476,iqld,-62.575,37.518587060282535,343440,-1
477,iqld,-120.95416666666667,87.26956551955683,344160,-1
478,iqld,-76.66527777777777,45.70023601848312,344880,-1
479,iqld,-117.33055555555555,89.61646153173609,345600,-1
480,iqld,-110.71527777777777,76.24396726539932,346320,-1
481,iqld,-131.88333333333333,99.15855849205464,347040,-1
482,iqld,-150.1513888888889,120.59409937317226,347760,-1
483,iqld,-149.49305555555554,120.07502264370308,348480,-1
484,iqld,-168.3513888888889,124.94411027541646,349200,-1
485,iqld,-43.040277777777774,27.52669996628638,349920,-1
486,iqld,-62.25694444444444,36.97667179899033,350640,-1
487,iqld,-73.9625,45.18148569165866,351360,-1
488,iqld,-97.42083333333333,70.24061312829558,352080,-1
489,iqld,-126.69583333333334,94.2864605831906,352800,-1
490,iqld,-130.6875,102.07704529953506,353520,-1
491,iqld,-149.8375,114.76848669471269,354240,-1
492,iqld,-169.5888888888889,120.69411699226772,354960,-1
493,iqld,-97.8638888888889,68.23184191814852,355680,-1
494,iqld,-125.9263888888889,95.84010917068471,356400,-1
495,iqld,-132.65,100.72995940742864,357120,-1
496,iqld,-141.99166666666667,102.40746466661717,357840,-1
497,iqld,-96.51805555555555,64.58553507298349,358560,-1
498,iqld,-173.61111111111111,132.68943016134787,359280,-1
499,iqld,-117.68055555555556,81.18891317115644,360000,-1
500,iqld,-82.92222222222222,52.983037700292506,360720,-1
501,iqld,-128.05138888888888,99.8501314374247,361440,-1
502,iqld,-134.88194444444446,89.10771388604307,362160,-1
503,iqld,-140.74583333333334,96.14462837814821,362880,-1
504,iqld,-144.8625,104.85249816541224,363600,-1
505,iqld,-116.36527777777778,89.15020823139236,364320,-1
506,iqld,-117.32222222222222,75.54595036985074,365040,-1
507,iqld,-119.1625,81.6662413891988,365760,-1
508,iqld,-142.6013888888889,111.12664571091794,366480,-1
509,iqld,-128.3111111111111,92.75917378344664,367200,-1
510,iqld,-136.48472222222222,86.59193758935294,367920,-1
511,iqld,-143.63055555555556,107.8716169018741,368640,-1
512,iqld,-77.70972222222223,51.823985383545626,369360,-1
513,iqld,-80.35972222222222,48.15798410706342,370080,-1
514,iqld,-94.8861111111111,66.91354975213987,370800,-1
515,iqld,-59.575,34.30050918799247,371520,-1
516,iqld,-101.24861111111112,72.4684461853256,372240,-1
517,iqld,-49.94305555555555,29.597312783374665,372960,-1
518,iqld,-54.85138888888889,31.969844702363034,373680,-1
519,iqld,-118.9375,85.24258022044434,374400,-1
520,iqld,-62.12083333333333,35.75445752125026,375120,-1
521,iqld,-125.86666666666666,87.05760544987822,375840,-1
522,iqld,-166.28194444444443,123.90274952826341,376560,-1
523,iqld,-133.7888888888889,102.45253583374807,377280,-1
524,iqld,-99.89444444444445,69.29161382817966,378000,-1
525,iqld,-122.94722222222222,92.65256183455573,378720,-1
526,iqld,-187.7263888888889,127.99077168671137,379440,-1
527,iqld,-126.39583333333333,89.82662457556161,380160,-1
528,iqld,-91.45416666666667,59.66308750321816,380880,-1
529,iqld,-126.5,93.36558966414411,381600,-1
530,iqld,-101.5375,70.55855515003911,382320,-1
531,iqld,-100.2875,69.94942108707309,383040,-1
532,iqld,-167.1513888888889,124.4423477548445,383760,-1
533,iqld,-147.50416666666666,105.40273285712283,384480,-1
534,iqld,-103.40972222222223,69.27535769129,385200,-1
535,iqld,-112.78611111111111,87.4527258096808,385920,-1
536,iqld,-121.30694444444444,98.48325552316678,386640,-1
537,iqld,-134.7902777777778,95.31390632437498,387360,-1
538,iqld,-161.77083333333334,129.242865628909,388080,-1
539,iqld,-92.93333333333334,50.13169877654479,388800,-1
540,iqld,-175.80972222222223,119.71211376989454,389520,-1
541,iqld,-158.4638888888889,107.26223745977212,390240,-1
542,iqld,-136.74027777777778,103.71606829293647,390960,-1
543,iqld,-84.73194444444445,57.960250570706954,391680,-1
544,iqld,-110.875,72.25707145324948,392400,-1
545,iqld,-143.36388888888888,112.18194956007302,393120,-1
546,iqld,-139.78333333333333,106.22799249203992,393840,-1
547,iqld,-147.20833333333334,122.98967182247459,394560,-1
548,iqld,-61.706944444444446,36.87379311165802,395280,-1
549,iqld,-83.8625,46.760165078776666,396000,-1
550,iqld,-143.3347222222222,107.96268859055252,396720,-1
551,iqld,-150.09027777777777,121.38702527650307,397440,-1
552,iqld,-135.98055555555555,105.67058173463323,398160,-1
553,iqld,-157.24166666666667,109.77078359270082,398880,-1
554,iqld,-44.68055555555556,27.129845388473356,399600,-1
555,iqld,-122.6875,82.00662818316714,400320,-1
556,iqld,-129.08194444444445,85.05318732414979,401040,-1
557,iqld,-85.15277777777777,55.156056311519464,401760,-1
558,iqld,-74.91805555555555,45.4528779995432,402480,-1
559,iqld,-97.40694444444445,63.51937330537845,403200,-1
560,iqld,-124.76944444444445,94.06698062623146,403920,-1
561,iqld,-159.81666666666666,111.68606672275642,404640,-1
562,iqld,-189.46944444444443,142.7929606875408,405360,-1
563,iqld,-201.39027777777778,142.8711605488998,406080,-1
564,iqld,-120.3875,78.60960931771213,406800,-1
565,iqld,-149.49722222222223,103.16464722339913,407520,-1
566,iqld,-158.53194444444443,123.85224880924861,408240,-1
567,iqld,-135.01388888888889,100.95394894256869,408960,-1
568,iqld,-167.21805555555557,114.25926150935678,409680,-1
569,iqld,-96.00277777777778,75.31808468869107,410400,-1
570,iqld,-96.9625,68.51842805142927,411120,-1
571,iqld,-126.9375,99.462724644713,411840,-1
572,iqld,-161.53194444444443,116.47034234610601,412560,-1
573,iqld,-146.66666666666666,109.59843368710462,413280,-1
574,iqld,-95.87916666666666,62.202832280773194,414000,-1
575,iqld,-151.07777777777778,109.97246905756587,414720,-1
576,iqld,-182.27916666666667,134.82298522043635,415440,-1
577,iqld,-176.07638888888889,116.89891643953615,416160,-1
578,iqld,-129.95277777777778,94.17417665071198,416880,-1
579,iqld,-136.62777777777777,103.81148943881969,417600,-1
580,iqld,-69.4,40.04387871101177,418320,-1
581,iqld,-115.075,80.66854293616841,419040,-1
582,iqld,-126.29027777777777,96.10005153733475,419760,-1
583,iqld,-86.50416666666666,60.70543618687613,420480,-1
584,iqld,-63.393055555555556,30.359095408080154,421200,-1
585,iqld,-58.30833333333333,33.49460051842519,421920,-1
586,iqld,-116.67222222222222,72.54123965453915,422640,-1
587,iqld,-93.48611111111111,67.73707196365869,423360,-1
588,iqld,-153.2736111111111,113.82906957980602,424080,-1
589,iqld,-93.28472222222223,62.513405583927494,424800,-1
590,iqld,-129.5125,100.13080256108896,425520,-1
591,iqld,-102.82916666666667,81.91618334462366,426240,-1
592,iqld,-70.61666666666666,46.99311710831231,426960,-1
593,iqld,-131.9625,101.14273459036328,427680,-1
594,iqld,-179.0125,135.38039456523566,428400,-1
595,iqld,-167.3986111111111,112.33854215551554,429120,-1
596,iqld,-162.09583333333333,111.25862255910775,429840,-1
597,iqld,-116.25138888888888,80.34733192876405,430560,-1
598,iqld,-175.57222222222222,112.57307654021184,431280,-1
599,iqld,-125.21666666666667,85.63113887158364,432000,-1
600,iqld,-94.21527777777777,55.93018505174857,432720,-1
601,iqld,-139.63333333333333,90.25063250009202,433440,-1
602,iqld,-153.81944444444446,112.62400898428078,434160,-1
603,iqld,-115.4625,80.78171021252962,434880,-1
604,iqld,-173.2,130.69982147399182,435600,-1
605,iqld,-163.35694444444445,125.20528290947375,436320,-1
606,iqld,-121.63055555555556,91.72805314092679,437040,-1
607,iqld,-139.91805555555555,104.89825867952676,437760,-1
608,iqld,-135.2861111111111,104.33405924342192,438480,-1
609,iqld,-121.41944444444445,85.41223019192289,439200,-1
610,iqld,-149.3375,109.99914764505628,439920,-1
611,iqld,-111.78194444444445,83.53213590919647,440640,-1
612,iqld,-148.71527777777777,103.93509347414084,441360,-1
613,iqld,-114.12222222222222,82.2705499863817,442080,-1
614,iqld,-144.04861111111111,105.24034198635199,442800,-1
615,iqld,-161.6861111111111,126.26678689887311,443520,-1
616,iqld,-89.91388888888889,62.354014629629894,444240,-1
617,iqld,-133.53472222222223,106.20002832668881,444960,-1
618,iqld,-152.3125,108.87719054755122,445680,-1
619,iqld,-159.83055555555555,112.59336451596377,446400,-1
620,iqld,-113.825,75.08641271894669,447120,-1
621,iqld,-172.84305555555557,124.76737946896404,447840,-1
622,iqld,-152.42361111111111,117.44062210450527,448560,-1
623,iqld,-171.95833333333334,117.1302026592629,449280,-1
624,iqld,-149.2861111111111,112.5726374213008,450000,-1
625,iqld,-115.53055555555555,83.73205718057665,450720,-1
626,iqld,-131.46666666666667,115.17319807817942,451440,-1
627,iqld,-127.88055555555556,110.57925593951066,452160,-1
628,iqld,-185.58055555555555,136.78308724124818,452880,-1
629,iqld,-94.83055555555555,66.46090462923148,453600,-1
630,iqld,-112.8625,95.97461605593081,454320,-1
631,iqld,-87.49444444444444,56.90066853954278,455040,-1
632,iqld,-156.24583333333334,111.35861419244185,455760,-1
633,iqld,-85.08194444444445,46.195330531189,456480,-1
634,iqld,-97.02638888888889,66.97124692536084,457200,-1
635,iqld,-104.37222222222222,81.24700203395922,457920,-1
636,iqld,-118.12222222222222,70.55438450471739,458640,-1
637,iqld,-157.98888888888888,117.94196967100618,459360,-1
638,iqld,-131.22083333333333,93.27858429561655,460080,-1
639,iqld,-93.475,53.99659904413734,460800,-1
640,iqld,-139.8111111111111,105.51474561979418,461520,-1
641,iqld,-173.72083333333333,110.88365328564993,462240,-1
642,iqld,-225.00972222222222,154.17849923935768,462960,-1
643,iqld,-131.04444444444445,84.41445849183145,463680,-1
644,iqld,-167.01805555555555,137.61921481067978,464400,-1
645,iqld,-145.90555555555557,121.69050895257115,465120,-1
646,iqld,-151.92638888888888,118.37105677235598,465840,-1
647,iqld,-139.55277777777778,105.1276208184634,466560,-1
648,iqld,-154.90972222222223,113.1462618567006,467280,-1
649,iqld,-137.37916666666666,98.67702287640219,468000,-1
650,iqld,-144.11388888888888,100.93765031712998,468720,-1
651,iqld,-124.58194444444445,90.41656040913708,469440,-1
652,iqld,-144.40277777777777,116.1407622626553,470160,-1
653,iqld,-152.2763888888889,123.77280933793303,470880,-1
654,iqld,-124.3125,104.23522202411556,471600,-1
655,iqld,-152.13888888888889,127.23695147632095,472320,-1
656,iqld,-66.09305555555555,35.1846866405957,473040,-1
657,iqld,-76.66666666666667,45.228125467825144,473760,-1
658,iqld,-87.94583333333334,56.587308248944936,474480,-1
659,iqld,-88.14166666666667,52.2283388114154,475200,-1
660,iqld,-138.40833333333333,97.42881981506065,475920,-1
661,iqld,-123.65277777777777,87.2464994080027,476640,-1
662,iqld,-185.07638888888889,122.43566790706362,477360,-1
663,iqld,-184.5875,140.5853066819613,478080,-1
664,iqld,-99.0736111111111,77.05918629544067,478800,-1
665,iqld,-114.1,81.77196273105403,479520,-1
666,iqld,-175.475,146.54402803518735,480240,-1
667,iqld,-81.70694444444445,57.05885320923011,480960,-1
668,iqld,-93.18611111111112,55.07909793488804,481680,-1
669,iqld,-148.84583333333333,108.81787720455475,482400,-1
670,iqld,-223.45138888888889,147.49949293044247,483120,-1
671,iqld,-146.22083333333333,110.05636111342123,483840,-1
672,iqld,-170.50555555555556,118.22354048450485,484560,-1
673,iqld,-116.50694444444444,93.69276004637724,485280,-1
674,iqld,-134.17083333333332,94.35052837616284,486000,-1
675,iqld,-127.18055555555556,96.13911020392517,486720,-1
676,iqld,-147.42777777777778,110.62145314115942,487440,-1
677,iqld,-99.77083333333333,77.63983073121825,488160,-1
678,iqld,-136.64583333333334,104.65877549538999,488880,-1
679,iqld,-152.95138888888889,107.69652126468817,489600,-1
680,iqld,-111.09583333333333,80.44271933338653,490320,-1
681,iqld,-175.94861111111112,125.68930553491322,491040,-1
682,iqld,-232.0625,141.2620800512886,491760,-1
683,iqld,-218.73472222222222,128.0223088846044,492480,-1
684,iqld,-221.85694444444445,134.83157325426095,493200,-1
685,iqld,-191.81944444444446,132.03659282235287,493920,-1
686,iqld,-166.92916666666667,115.42104917973151,494640,-1
687,iqld,-159.70416666666668,117.48603928587998,495360,-1
688,iqld,-201.6,122.60614902107389,496080,-1
689,iqld,-173.39027777777778,96.76689726078023,496800,-1
690,iqld,-211.93333333333334,139.25584368348785,497520,-1
691,iqld,-190.6875,120.51554007390729,498240,-1
692,iqld,-201.7375,120.4529840706646,498960,-1
693,iqld,-213.1861111111111,138.10477635311247,499680,-1
694,iqld,-209.63472222222222,133.8203757319264,500400,-1
695,iqld,-182.86666666666667,114.1096646018888,501120,-1
696,iqld,-213.97083333333333,137.31107418467747,501840,-1
697,iqld,-213.2875,130.38463124913235,502560,-1
698,iqld,-185.87916666666666,125.08737217274705,503280,-1
699,iqld,-208.5263888888889,127.87101519049877,504000,-1
700,iqld,-195.63333333333333,132.7618544612872,504720,-1
701,iqld,-205.34583333333333,145.34423166085173,505440,-1
702,iqld,-174.95694444444445,131.73566580929833,506160,-1
703,iqld,-210.92916666666667,139.83419441282356,506880,-1
704,iqld,-192.275,144.58348967330645,507600,-1
705,iqld,-203.65972222222223,138.42924201326568,508320,-1
706,iqld,-151.5861111111111,118.45950234568629,509040,-1
707,iqld,-166.02083333333334,114.49854855642397,509760,-1
708,iqld,-147.0263888888889,120.6686262422097,510480,-1
709,iqld,-140.51805555555555,117.14653552328393,511200,-1
710,iqld,-124.38472222222222,92.08539539127409,511920,-1
711,iqld,-199.60555555555555,153.91057097556586,512640,-1
712,iqld,-154.1375,115.99247693217484,513360,-1
713,iqld,-173.77083333333334,140.96422510841774,514080,-1
714,iqld,-198.59305555555557,152.28452794612684,514800,-1
715,iqld,-207.48194444444445,133.34785215366955,515520,-1
716,iqld,-201.63333333333333,153.22598234851253,516240,-1
717,iqld,-164.76388888888889,136.35603855914565,516960,-1
718,iqld,-175.48472222222222,137.29073890401978,517680,-1
719,iqld,-142.39444444444445,106.69740428073644,518400,-1
720,iqld,-128.70277777777778,102.04770394855946,519120,-1
721,iqld,-168.50833333333333,126.24964218871189,519840,-1
722,iqld,-169.8361111111111,141.25705813786948,520560,-1
723,iqld,-133.82777777777778,106.74511857460357,521280,-1
724,iqld,-176.775,124.96450357112526,522000,-1
725,iqld,-172.8972222222222,128.6746456638929,522720,-1
726,iqld,-199.85555555555555,144.3323276416934,523440,-1
727,iqld,-203.65416666666667,147.21767183088298,524160,-1
728,iqld,-196.83194444444445,144.4402349747205,524880,-1
729,iqld,-153.74305555555554,117.10409344585138,525600,-1
730,iqld,-220.57222222222222,172.7443528762005,526320,-1
731,iqld,-192.88888888888889,145.29198145989756,527040,-1
732,iqld,-192.76111111111112,152.1566394611118,527760,-1
733,iqld,-220.55972222222223,155.22212324397344,528480,-1
734,iqld,-208.80694444444444,141.69968323730464,529200,-1
735,iqld,-203.6875,142.15694909881591,529920,-1
736,iqld,-177.25,131.89954616213726,530640,-1
737,iqld,-157.5125,107.44256791098003,531360,-1
738,iqld,-193.9777777777778,134.1751531707531,532080,-1
739,iqld,-164.52083333333334,131.9828465680084,532800,-1
740,iqld,-201.09166666666667,155.48569043663008,533520,-1
741,iqld,-190.0847222222222,148.2120844898004,534240,-1
742,iqld,-173.26527777777778,137.07990538745622,534960,-1
743,iqld,-84.7875,64.91060613023456,535680,-1
744,iqld,-149.7861111111111,114.26506137723469,536400,-1
745,iqld,-173.6,143.12431853306956,537120,-1
746,iqld,-133.34444444444443,111.8085577236685,537840,-1
747,iqld,-158.05555555555554,122.96217676009256,538560,-1
748,iqld,-189.24027777777778,133.64518443305414,539280,-1
749,iqld,-161.51388888888889,121.1747352948024,540000,-1
750,iqld,-183.76527777777778,136.48914960916838,540720,-1
751,iqld,-195.70277777777778,156.53003081785778,541440,-1
752,iqld,-195.21666666666667,146.7796922450635,542160,-1
753,iqld,-162.12777777777777,118.01470155853725,542880,-1
754,iqld,-223.62222222222223,146.9504226887254,543600,-1
755,iqld,-123.8638888888889,102.88536407299193,544320,-1
756,iqld,-160.91805555555555,123.07383830041587,545040,-1
757,iqld,-203.03333333333333,141.2710023717221,545760,-1
758,iqld,-162.4361111111111,128.17633828436377,546480,-1
759,iqld,-125.47777777777777,94.61414068353605,547200,-1
760,iqld,-115.61527777777778,79.39306602755794,547920,-1
761,iqld,-126.94583333333334,98.56439581069718,548640,-1
762,iqld,-115.2625,96.92599831472234,549360,-1
763,iqld,-194.38611111111112,133.14137568092752,550080,-1
764,iqld,-220.92222222222222,153.5124028849336,550800,-1
765,iqld,-109.54305555555555,66.80733768412986,551520,-1
766,iqld,-169.24166666666667,105.27870385843052,552240,-1
767,iqld,-135.5861111111111,101.0751553514561,552960,-1
768,iqld,-154.3875,118.08015690564231,553680,-1
769,iqld,-61.268055555555556,41.216623960042874,554400,-1
770,iqld,-146.7888888888889,108.04570734898823,555120,-1
771,iqld,-203.21527777777777,146.42727447792626,555840,-1
772,iqld,-135.39027777777778,89.37454997512532,556560,-1
773,iqld,-211.93055555555554,149.28865834618003,557280,-1
774,iqld,-145.33055555555555,101.5471929680548,558000,-1
775,iqld,-150.0847222222222,113.4480781382222,558720,-1
776,iqld,-188.82777777777778,142.77907684233926,559440,-1
777,iqld,-177.55833333333334,133.26338555865806,560160,-1
778,iqld,-133.01666666666668,95.8607192754154,560880,-1
779,iqld,-177.42638888888888,138.69458902873166,561600,-1
780,iqld,-175.40694444444443,153.04308473468518,562320,-1
781,iqld,-67.24583333333334,37.89340838860441,563040,-1
782,iqld,-82.90555555555555,41.899243857168464,563760,-1
783,iqld,-155.50833333333333,89.79713208424617,564480,-1
784,iqld,-171.9111111111111,134.4955508924981,565200,-1
785,iqld,-167.9611111111111,135.12206884019471,565920,-1
786,iqld,-140.51111111111112,102.08261844042953,566640,-1
787,iqld,-152.6472222222222,107.24475119534111,567360,-1
788,iqld,-214.99027777777778,129.21960706457375,568080,-1
789,iqld,-207.81805555555556,147.5785062511823,568800,-1
790,iqld,-182.82222222222222,125.02323808687886,569520,-1
791,iqld,-162.48888888888888,109.37077554452047,570240,-1
792,iqld,-169.64583333333334,106.00823269588808,570960,-1
793,iqld,-147.775,114.74442343021875,571680,-1
794,iqld,-151.7236111111111,108.27066135007257,572400,-1
795,iqld,-189.73888888888888,130.08748611303807,573120,-1
796,iqld,-192.11111111111111,138.66564057668796,573840,-1
797,iqld,-174.9736111111111,120.54940491702465,574560,-1
798,iqld,-188.23194444444445,134.8699181169982,575280,-1
799,iqld,-199.80138888888888,137.37263089965631,576000,-1
800,iqld,-139.42222222222222,103.17984329183872,576720,-1
801,iqld,-193.01388888888889,136.7792923183139,577440,-1
802,iqld,-163.44027777777777,116.03181694848739,578160,-1
803,iqld,-144.94722222222222,115.92829437513689,578880,-1
804,iqld,-204.11944444444444,156.53920225980394,579600,-1
805,iqld,-159.62083333333334,134.49582545927672,580320,-1
806,iqld,-109.89166666666667,91.6054913292138,581040,-1
807,iqld,-80.83888888888889,58.81372797880978,581760,-1
808,iqld,-94.40138888888889,64.68999792397832,582480,-1
809,iqld,-136.73888888888888,111.20022551380454,583200,-1
810,iqld,-77.30833333333334,53.19593695324233,583920,-1
811,iqld,-128.1486111111111,100.755087399892,584640,-1
812,iqld,-138.60694444444445,115.3700072067511,585360,-1
813,iqld,-134.2236111111111,105.66885512068082,586080,-1
814,iqld,-99.53888888888889,77.41316740486931,586800,-1
815,iqld,-147.00555555555556,112.45147087730393,587520,-1
816,iqld,-68.71805555555555,38.215103276602015,588240,-1
817,iqld,-136.90416666666667,87.14211243948971,588960,-1
818,iqld,-133.75833333333333,95.15830341243655,589680,-1
819,iqld,-188.61527777777778,138.17172503780517,590400,-1
820,iqld,-238.69305555555556,151.45493996784515,591120,-1
821,iqld,-91.6138888888889,57.791731688393014,591840,-1
822,iqld,-72.31388888888888,43.60522173609855,592560,-1
823,iqld,-69.04583333333333,54.6790825267965,593280,-1
824,iqld,-87.04305555555555,44.34209915340327,594000,-1
825,iqld,-108.46111111111111,82.68957101304242,594720,-1
826,iqld,-151.39166666666668,116.97514901085235,595440,-1
827,iqld,-187.35416666666666,123.81204778648697,596160,-1
828,iqld,-164.9763888888889,119.00786971300067,596880,-1
829,iqld,-176.60833333333332,131.55358830994396,597600,-1
830,iqld,-235.11388888888888,146.04017075368486,598320,-1
831,iqld,-181.2486111111111,126.43618558723118,599040,-1
832,iqld,-191.09722222222223,136.9871100710475,599760,-1
833,iqld,-197.63888888888889,139.53582828988118,600480,-1
834,iqld,-152.46527777777777,119.10593517691417,601200,-1
835,iqld,-155.8972222222222,130.1010952770343,601920,-1
836,iqld,-172.88611111111112,138.9283521435455,602640,-1
837,iqld,-178.425,108.56323010373059,603360,-1
838,iqld,-125.55277777777778,103.38275696037707,604080,-1
839,iqld,-113.68333333333334,84.53059768181251,604800,-1
840,iqld,-64.70277777777778,40.351483423861545,605520,-1
841,iqld,-140.99722222222223,93.47159398005813,606240,-1
842,iqld,-210.98194444444445,141.25163108831,606960,-1
843,iqld,-179.17083333333332,126.29130780494489,607680,-1
844,iqld,-143.09444444444443,108.58338819247639,608400,-1
845,iqld,-182.60694444444445,129.36836813532477,609120,-1
846,iqld,-105.7611111111111,74.70760513784455,609840,-1
847,iqld,-197.49166666666667,129.8050886585987,610560,-1
848,iqld,-126.88888888888889,82.25459385272379,611280,-1
849,iqld,-86.16111111111111,53.07305383346502,612000,-1
850,iqld,-105.89722222222223,77.2179130991965,612720,-1
851,iqld,-127.32777777777778,88.92395818622883,613440,-1
852,iqld,-185.88472222222222,128.90407410995613,614160,-1
853,iqld,-151.29166666666666,109.77008010433039,614880,-1
854,iqld,-88.76944444444445,53.74042198612617,615600,-1
855,iqld,-140.06805555555556,84.60530638465508,616320,-1
856,iqld,-159.8125,117.10976384654887,617040,-1
857,iqld,-76.60972222222222,43.329860949728875,617760,-1
858,iqld,-204.675,139.63553725283865,618480,-1
859,iqld,-212.2861111111111,138.81202848292077,619200,-1
860,iqld,-165.69305555555556,123.36114081381463,619920,-1
861,iqld,-123.40833333333333,84.23027258322536,620640,-1
862,iqld,-111.15277777777777,75.94171005196871,621360,-1
863,iqld,-141.52916666666667,77.2804900948846,622080,-1
864,iqld,-141.51111111111112,101.92039316648007,622800,-1
865,iqld,-136.99583333333334,108.81224264440816,623520,-1
866,iqld,-132.86111111111111,105.18191985998402,624240,-1
867,iqld,-76.04444444444445,40.97893391355317,624960,-1
868,iqld,-175.98611111111111,123.97492948347298,625680,-1
869,iqld,-104.38333333333334,77.69827861671068,626400,-1
870,iqld,-81.20833333333333,49.971446708206386,627120,-1
871,iqld,-190.98888888888888,131.51020192318367,627840,-1
872,iqld,-137.225,98.85340963882948,628560,-1
873,iqld,-144.60555555555555,97.97123995349193,629280,-1
874,iqld,-77.3875,42.95496490996898,630000,-1
875,iqld,-212.9777777777778,140.41448388236384,630720,-1
876,iqld,-73.40138888888889,44.61067695149881,631440,-1
877,iqld,-99.72361111111111,48.23374796255659,632160,-1
878,iqld,-191.43333333333334,132.19740500058575,632880,-1
879,iqld,-190.97916666666666,130.2061223145611,633600,-1
880,iqld,-196.36805555555554,125.69359495569296,634320,-1
881,iqld,-194.65277777777777,137.40312342016568,635040,-1
882,iqld,-155.74722222222223,100.72336975352925,635760,-1
883,iqld,-120.23055555555555,89.23501841094935,636480,-1
884,iqld,-139.55,114.38093154018287,637200,-1
885,iqld,-219.3513888888889,149.40059914822552,637920,-1
886,iqld,-123.20972222222223,95.67981422391473,638640,-1
887,iqld,-191.78333333333333,155.8155881162087,639360,-1
888,iqld,-83.72361111111111,64.16694803629989,640080,-1
889,iqld,-220.9,156.75830121559753,640800,-1
890,iqld,-76.55277777777778,45.22020188975959,641520,-1
891,iqld,-96.7125,62.08407703693256,642240,-1
892,iqld,-66.56666666666666,32.336958559655685,642960,-1
893,iqld,-156.9777777777778,105.29252667136213,643680,-1
894,iqld,-185.53194444444443,135.44373198899984,644400,-1
895,iqld,-146.27777777777777,106.46658607571337,645120,-1
896,iqld,-188.15,128.27645817616818,645840,-1
897,iqld,-83.02222222222223,55.21311796178267,646560,-1
898,iqld,-91.125,61.303533861343496,647280,-1
899,iqld,-61.94305555555555,41.472558954315026,648000,-1
900,iqld,-71.62083333333334,43.46635811975101,648720,-1
901,iqld,-146.40416666666667,104.71142479519075,649440,-1
902,iqld,-169.2486111111111,118.55836876250679,650160,-1
903,iqld,-135.98888888888888,92.25887424276978,650880,-1
904,iqld,-135.84722222222223,87.79954437401115,651600,-1
905,iqld,-144.94444444444446,94.36283238543908,652320,-1
906,iqld,-166.27777777777777,100.45989003663522,653040,-1
907,iqld,-158.19166666666666,121.28861097719678,653760,-1
908,iqld,-182.5375,130.7786562367244,654480,-1
909,iqld,-206.07777777777778,144.51688504022079,655200,-1
910,iqld,-180.95694444444445,117.14355903760527,655920,-1
911,iqld,-191.91944444444445,124.77462642577359,656640,-1
912,iqld,-148.90555555555557,101.29524762474311,657360,-1
913,iqld,-148.0263888888889,95.18251837194971,658080,-1
914,iqld,-185.36805555555554,118.228835698672,658800,-1
915,iqld,-131.15555555555557,96.25913071970669,659520,-1
916,iqld,-171.69444444444446,129.19579659580526,660240,-1
917,iqld,-182.27083333333334,137.3596464855632,660960,-1
918,iqld,-184.275,124.37774871334503,661680,-1
919,iqld,-134.59444444444443,96.2386903729023,662400,-1
920,iqld,-189.37916666666666,125.85082377064522,663120,-1
921,iqld,-165.4388888888889,116.1191396745835,663840,-1
922,iqld,-131.82638888888889,86.42920431880707,664560,-1
923,iqld,-187.12222222222223,135.99048804790053,665280,-1
924,iqld,-190.74444444444444,127.77232886932661,666000,-1
925,iqld,-128.80694444444444,89.67054022982143,666720,-1
926,iqld,-107.99027777777778,73.95269632925688,667440,-1
927,iqld,-117.77777777777777,86.18886274762183,668160,-1
928,iqld,-145.89166666666668,103.26894196707934,668880,-1
929,iqld,-132.87916666666666,91.97681235190024,669600,-1
930,iqld,-185.59444444444443,135.27615570553866,670320,-1
931,iqld,-115.09166666666667,88.10834515589946,671040,-1
932,iqld,-104.34444444444445,77.03641434933527,671760,-1
933,iqld,-122.51388888888889,100.24185933358538,672480,-1
934,iqld,-192.90972222222223,128.69694771020343,673200,-1
935,iqld,-136.84305555555557,90.25714241726384,673920,-1
936,iqld,-193.51527777777778,131.0673376124339,674640,-1
937,iqld,-190.29861111111111,135.29486726843004,675360,-1
938,iqld,-233.6652777777778,167.1499008373108,676080,-1
939,iqld,-214.20555555555555,143.28794619468644,676800,-1
940,iqld,-191.99583333333334,137.20479921301344,677520,-1
941,iqld,-199.17083333333332,131.83288025364624,678240,-1
942,iqld,-229.9763888888889,154.64784637026108,678960,-1
943,iqld,-197.41666666666666,145.8470326898852,679680,-1
944,iqld,-74.90833333333333,45.83342348475983,680400,-1
945,iqld,-111.55,91.39436981200392,681120,-1
946,iqld,-166.4125,123.88398743885345,681840,-1
947,iqld,-225.50694444444446,160.8697970982787,682560,-1
948,iqld,-163.1611111111111,129.9778042542858,683280,-1
949,iqld,-166.99166666666667,125.57197996678151,684000,-1
950,iqld,-193.74305555555554,155.54946277130423,684720,-1
951,iqld,-138.8375,104.14425083814703,685440,-1
952,iqld,-117.025,86.12696982104708,686160,-1
953,iqld,-83.12638888888888,51.06803058735463,686880,-1
954,iqld,-199.7111111111111,154.2527683486098,687600,-1
955,iqld,-139.88333333333333,111.80608336659405,688320,-1
956,iqld,-166.9138888888889,140.9178772918188,689040,-1
957,iqld,-168.71805555555557,125.40674803125505,689760,-1
958,iqld,-158.99444444444444,120.54384850991049,690480,-1
959,iqld,-124.99722222222222,94.93563605034703,691200,-1
960,iqld,-166.63333333333333,105.53970553514183,691920,-1
961,iqld,-97.03888888888889,64.64697843664199,692640,-1
962,iqld,-127.10972222222222,96.52845242569995,693360,-1
963,iqld,-152.92638888888888,121.48126912438389,694080,-1
964,iqld,-105.63472222222222,88.69334601705259,694800,-1
965,iqld,-96.42083333333333,69.54426535488027,695520,-1
966,iqld,-145.22083333333333,111.63472109904298,696240,-1
967,iqld,-159.2722222222222,126.89845374049439,696960,-1
968,iqld,-136.60555555555555,100.75831905120634,697680,-1
969,iqld,-117.90277777777777,89.14746829492726,698400,-1
970,iqld,-181.30972222222223,143.4215907151227,699120,-1
971,iqld,-35.47222222222222,20.99052181754516,699840,-1
972,iqld,-164.62222222222223,123.72042432461072,700560,-1
973,iqld,-138.45555555555555,107.6539116398379,701280,-1
974,iqld,-200.0361111111111,143.95104810852615,702000,-1
975,iqld,-142.24305555555554,116.09233911750893,702720,-1
976,iqld,-154.71666666666667,107.68678991511551,703440,-1
977,iqld,-159.22222222222223,117.11929130191032,704160,-1
978,iqld,-104.54166666666667,84.62530772962266,704880,-1
979,iqld,-100.03194444444445,70.9387085337854,705600,-1
980,iqld,-163.00555555555556,123.78552227417937,706320,-1
981,iqld,-62.67916666666667,33.76554965863876,707040,-1
982,iqld,-128.13194444444446,95.78451267528251,707760,-1
983,iqld,-161.49027777777778,131.86991660526064,708480,-1
984,iqld,-97.83611111111111,68.27589721440576,709200,-1
985,iqld,-90.23611111111111,58.54955001619368,709920,-1
986,iqld,-118.0736111111111,83.57002302303732,710640,-1
987,iqld,-131.79722222222222,102.09840293154853,711360,-1
988,iqld,-181.17916666666667,147.95606464748994,712080,-1
989,iqld,-175.14027777777778,117.91635943390155,712800,-1
990,iqld,-125.5736111111111,83.43179265632955,713520,-1
991,iqld,-161.92916666666667,121.36082213509249,714240,-1
992,iqld,-199.09305555555557,150.4576572276777,714960,-1
993,iqld,-66.69166666666666,47.685187980942025,715680,-1
994,iqld,-66.20277777777778,37.203016500391406,716400,-1
995,iqld,-62.90972222222222,33.72225468491024,717120,-1
996,iqld,-60.40972222222222,28.27440273326458,717840,-1
997,iqld,-64.25833333333334,34.62870417410645,718560,-1
998,iqld,-70.8861111111111,38.48229501109552,719280,-1
999,iqld,-72.64027777777778,38.414512447635026,720000,-1
1000,iqld,-170.4138888888889,95.98055836926842,720720,-1
1001,iqld,-135.43333333333334,88.80156405029011,721440,-1
1002,iqld,-194.61388888888888,135.46619433312048,722160,-1
1003,iqld,-180.79444444444445,123.17153563773581,722880,-1
1004,iqld,-158.65416666666667,111.13152172776083,723600,-1
1005,iqld,-173.9986111111111,131.24339665193693,724320,-1
1006,iqld,-109.25416666666666,72.2776522198713,725040,-1
1007,iqld,-149.84583333333333,104.17786531470001,725760,-1
1008,iqld,-171.2486111111111,128.13656180143593,726480,-1
1009,iqld,-164.8361111111111,119.45635337919168,727200,-1
1010,iqld,-175.40416666666667,119.7136942615589,727920,-1
1011,iqld,-134.65277777777777,102.79172033807843,728640,-1
1012,iqld,-219.68333333333334,147.6924817540374,729360,-1
1013,iqld,-176.70416666666668,132.27219403930752,730080,-1
1014,iqld,-88.07638888888889,52.05900496620145,730800,-1
1015,iqld,-104.44305555555556,67.42886854223347,731520,-1
1016,iqld,-120.96388888888889,86.65510388500488,732240,-1
1017,iqld,-121.03194444444445,94.31126262186423,732960,-1
1018,iqld,-183.0388888888889,142.50620313550834,733680,-1
1019,iqld,-175.55,139.5824139273203,734400,-1
1020,iqld,-194.93472222222223,115.31047420349094,735120,-1
1021,iqld,-150.67777777777778,107.35369400856194,735840,-1
1022,iqld,-141.79583333333332,103.23444856988282,736560,-1
1023,iqld,-119.27222222222223,84.53702874122713,737280,-1
1024,iqld,-173.42083333333332,136.1328573260328,738000,-1
1025,iqld,-206.73055555555555,125.1334938718657,738720,-1
1026,iqld,-149.3138888888889,108.67680845510533,739440,-1
1027,iqld,-140.29444444444445,114.28997949768058,740160,-1
1028,iqld,-91.30277777777778,58.33133323290661,740880,-1
1029,iqld,-79.56388888888888,45.95956950756815,741600,-1
1030,iqld,-53.94166666666667,28.431534478071665,742320,-1
1031,iqld,-77.64861111111111,40.57328928773884,743040,-1
1032,iqld,-42.68611111111111,16.533596314739437,743760,-1
1033,iqld,-70.4625,33.30150537763521,744480,-1
1034,iqld,-80.10138888888889,38.49598822191864,745200,-1
1035,iqld,-110.65833333333333,75.18063386493448,745920,-1
1036,iqld,-163.26944444444445,110.46819381222726,746640,-1
1037,iqld,-159.31527777777777,122.55536975375006,747360,-1
1038,iqld,-147.53333333333333,107.82800862690752,748080,-1
1039,iqld,-126.62638888888888,80.74277142233771,748800,-1
1040,iqld,-111.92222222222222,62.49266228531293,749520,-1
1041,iqld,-156.84305555555557,97.61441481437294,750240,-1
1042,iqld,-166.55,116.73082878523945,750960,-1
1043,iqld,-192.59444444444443,120.29188793293227,751680,-1
1044,iqld,-136.86388888888888,75.1580433071899,752400,-1
1045,iqld,-162.5402777777778,126.39400935140414,753120,-1
1046,iqld,-111.51388888888889,73.24591248655214,753840,-1
1047,iqld,-149.9638888888889,107.29064278547776,754560,-1
1048,iqld,-172.3763888888889,121.81936193608729,755280,-1
1049,iqld,-131.13888888888889,89.7126749306355,756000,-1
1050,iqld,-179.49027777777778,129.20691809363836,756720,-1
1051,iqld,-166.9777777777778,118.289121109422,757440,-1
1052,iqld,-220.26388888888889,168.59492817726982,758160,-1
1053,iqld,-216.05833333333334,137.95620052715606,758880,-1
1054,iqld,-193.23055555555555,119.33693970212717,759600,-1
1055,iqld,-215.125,149.55526082912183,760320,-1
1056,iqld,-138.1375,97.81680288725109,761040,-1
1057,iqld,-117.96944444444445,78.66448909219332,761760,-1
1058,iqld,-136.1888888888889,105.12294595107244,762480,-1
1059,iqld,-135.11944444444444,106.79984997764235,763200,-1
1060,iqld,-180.53055555555557,135.32807526617273,763920,-1
1061,iqld,-111.89166666666667,88.59798052313482,764640,-1
1062,iqld,-107.89583333333333,81.02620621595213,765360,-1
1063,iqld,-125.9125,93.82523268393447,766080,-1
1064,iqld,-201.0861111111111,138.21311373056741,766800,-1
1065,iqld,-92.56527777777778,70.1633503961415,767520,-1
1066,iqld,-173.16666666666666,114.04771175063337,768240,-1
1067,iqld,-160.31805555555556,100.51163673148179,768960,-1
1068,iqld,-207.99722222222223,150.0044813888185,769680,-1
1069,iqld,-162.05138888888888,116.34554077910377,770400,-1
1070,iqld,-193.57361111111112,139.8718267369725,771120,-1
1071,iqld,-209.78055555555557,154.18602278388786,771840,-1
1072,iqld,-186.58055555555555,149.0393373118588,772560,-1
1073,iqld,-178.98055555555555,137.59989163320273,773280,-1
1074,iqld,-215.28055555555557,135.53735302992317,774000,-1
1075,iqld,-227.02777777777777,140.3315491001204,774720,-1
1076,iqld,-169.50694444444446,128.87116717696193,775440,-1
1077,iqld,-200.94583333333333,147.00050494763994,776160,-1
1078,iqld,-144.89305555555555,116.45025622125918,776880,-1
1079,iqld,-157.87222222222223,111.74501135052246,777600,-1
1080,iqld,-185.09305555555557,120.26009293100805,778320,-1
1081,iqld,-180.15,117.07483243160713,779040,-1
1082,iqld,-185.88055555555556,106.38252341705497,779760,-1
1083,iqld,-211.9611111111111,128.5824255266675,780480,-1
1084,iqld,-218.7236111111111,148.81111255646607,781200,-1
1085,iqld,-201.12083333333334,134.33610670989472,781920,-1
1086,iqld,-219.60972222222222,136.34733695370542,782640,-1
1087,iqld,-243.95416666666668,159.56866985503626,783360,-1
1088,iqld,-96.44444444444444,77.36559831390912,784080,-1
1089,iqld,-71.32916666666667,42.33804087178706,784800,-1
1090,iqld,-139.2625,113.69018199756252,785520,-1
1091,iqld,-155.55,127.43464664943622,786240,-1
1092,iqld,-230.35694444444445,173.83839584062366,786960,-1
1093,iqld,-127.68194444444444,89.0869282504904,787680,-1
1094,iqld,-199.86666666666667,121.39803220078248,788400,-1
1095,iqld,-218.23472222222222,145.56057984728693,789120,-1
1096,iqld,-217.30833333333334,170.66111461509522,789840,-1
1097,iqld,-208.7236111111111,132.0557752461011,790560,-1
1098,iqld,-201.28055555555557,135.09044978055843,791280,-1
1099,iqld,-195.4611111111111,122.85877682611803,792000,-1
1100,iqld,-189.56527777777777,133.46413860796946,792720,-1
1101,iqld,-222.17222222222222,156.47586184298896,793440,-1
1102,iqld,-129.49305555555554,99.23093131454762,794160,-1
1103,iqld,-222.09583333333333,138.49977129694312,794880,-1
1104,iqld,-247.46527777777777,160.69268086399012,795600,-1
1105,iqld,-228.21944444444443,133.03340916945228,796320,-1
1106,iqld,-213.7736111111111,129.09124732901094,797040,-1
1107,iqld,-221.1611111111111,126.97237949381349,797760,-1
1108,iqld,-230.1888888888889,137.9149914858541,798480,-1
1109,iqld,-222.4111111111111,142.8763758129107,799200,-1
1110,iqld,-210.75277777777777,157.5465098631567,799920,-1
1111,iqld,-123.64027777777778,86.48406911699954,800640,-1
1112,iqld,-175.22083333333333,134.22186177029184,801360,-1
1113,iqld,-118.69722222222222,77.13809761327448,802080,-1
1114,iqld,-193.62222222222223,134.56767836939298,802800,-1
1115,iqld,-175.07916666666668,119.81683061784582,803520,-1
1116,iqld,-140.675,105.92747748394233,804240,-1
1117,iqld,-199.79444444444445,147.2560109024877,804960,-1
1118,iqld,-152.68055555555554,121.71022352622013,805680,-1
1119,iqld,-163.2486111111111,124.75109940848836,806400,-1
1120,iqld,-121.85277777777777,89.03088099115794,807120,-1
1121,iqld,-143.1652777777778,108.13156423198627,807840,-1
1122,iqld,-148.07638888888889,113.23075504013862,808560,-1
1123,iqld,-131.12777777777777,94.22311172929187,809280,-1
1124,iqld,-163.83194444444445,127.83715044973438,810000,-1
1125,iqld,-129.7875,96.14709858322415,810720,-1
1126,iqld,-121.05833333333334,91.5361612667062,811440,-1
1127,iqld,-180.51805555555555,156.2159908111459,812160,-1
1128,iqld,-58.081944444444446,31.135058956410145,812880,-1
1129,iqld,-182.87777777777777,132.13744551100132,813600,-1
1130,iqld,-187.21666666666667,148.36321889950426,814320,-1
1131,iqld,-162.8625,126.9243945310882,815040,-1
1132,iqld,-144.93055555555554,112.46277487695514,815760,-1
1133,iqld,-153.20833333333334,116.82144940748967,816480,-1
1134,iqld,-130.3375,106.05613678286399,817200,-1
1135,iqld,-170.30138888888888,134.52077286205397,817920,-1
1136,iqld,-131.5388888888889,89.76624668108764,818640,-1
1137,iqld,-196.38472222222222,117.89577807882574,819360,-1
1138,iqld,-187.0861111111111,102.3644948558765,820080,-1
1139,iqld,-158.6888888888889,97.98550283298086,820800,-1
1140,iqld,-203.5611111111111,129.37902603027746,821520,-1
1141,iqld,-138.78472222222223,101.61738991558568,822240,-1
1142,iqld,-172.4736111111111,123.14940958609716,822960,-1
1143,iqld,-153.43472222222223,129.1083574406938,823680,-1
1144,iqld,-205.9763888888889,137.69152619881834,824400,-1
1145,iqld,-186.82638888888889,122.9924077298355,825120,-1
1146,iqld,-121.09583333333333,62.43893002477612,825840,-1
1147,iqld,-203.4,148.42663170738598,826560,-1
1148,iqld,-179.50694444444446,124.14428190437314,827280,-1
1149,iqld,-129.45416666666668,76.58461630680871,828000,-1
1150,iqld,-178.075,124.5254210437014,828720,-1
1151,iqld,-120.58055555555555,88.01915296445569,829440,-1
1152,iqld,-79.1125,47.51391444589913,830160,-1
1153,iqld,-201.6486111111111,153.3141477970564,830880,-1
1154,iqld,-202.61666666666667,136.35592824174043,831600,-1
1155,iqld,-211.6263888888889,148.9273709014785,832320,-1
1156,iqld,-160.58194444444445,115.27537781136293,833040,-1
1157,iqld,-153.81805555555556,125.15776247332903,833760,-1
1158,iqld,-112.74444444444444,82.80780104301917,834480,-1
1159,iqld,-61.022222222222226,40.72955595627163,835200,-1
1160,iqld,-179.2902777777778,119.75625901031252,835920,-1
1161,iqld,-150.67222222222222,116.61464700054503,836640,-1
1162,iqld,-154.8875,124.938584287441,837360,-1
1163,iqld,-155.43472222222223,125.40455053293435,838080,-1
1164,iqld,-144.40833333333333,116.840536808364,838800,-1
1165,iqld,-159.18055555555554,136.1250167216487,839520,-1
1166,iqld,-187.86666666666667,148.49473054623857,840240,-1
1167,iqld,-102.50138888888888,75.56244656841335,840960,-1
1168,iqld,-171.79166666666666,127.39411044078923,841680,-1
1169,iqld,-147.26944444444445,120.7996374153969,842400,-1
1170,iqld,-193.79305555555555,158.09005944783223,843120,-1
1171,iqld,-157.825,103.61387958023127,843840,-1
1172,iqld,-148.51944444444445,113.91259885310815,844560,-1
1173,iqld,-162.8138888888889,127.28442047630045,845280,-1
1174,iqld,-162.19305555555556,131.87148713213693,846000,-1
1175,iqld,-166.55555555555554,137.81739013887673,846720,-1
1176,iqld,-159.31944444444446,128.25646251736845,847440,-1
1177,iqld,-118.89722222222223,83.51811508792272,848160,-1
1178,iqld,-99.59722222222223,63.53803754056442,848880,-1
1179,iqld,-73.29722222222222,49.5850895269441,849600,-1
1180,iqld,-70.72361111111111,44.00129415096648,850320,-1
1181,iqld,-89.375,55.16594599227156,851040,-1
1182,iqld,-49.10138888888889,29.80798733866644,851760,-1
1183,iqld,-91.0625,69.6270639779852,852480,-1
1184,iqld,-167.44583333333333,118.89548332405698,853200,-1
1185,iqld,-146.85,95.41482385411142,853920,-1
1186,iqld,-181.4777777777778,114.10449429047023,854640,-1
1187,iqld,-190.99583333333334,125.69473044012891,855360,-1
1188,iqld,-195.55138888888888,144.13748307032688,856080,-1
1189,iqld,-194.10972222222222,143.61579886369108,856800,-1
1190,iqld,-154.3375,111.63120697872876,857520,-1
1191,iqld,-169.53333333333333,118.3207692860575,858240,-1
1192,iqld,-134.41944444444445,91.64599257603636,858960,-1
1193,iqld,-105.06527777777778,70.53907439561074,859680,-1
1194,iqld,-124.2611111111111,88.18007862001541,860400,-1
1195,iqld,-148.81805555555556,101.59345154201198,861120,-1
1196,iqld,-125.62638888888888,83.03769641463306,861840,-1
1197,iqld,-159.65416666666667,103.67505919605522,862560,-1
1198,iqld,-189.45555555555555,127.03126571492469,863280,-1
1199,iqld,-166.88611111111112,106.23411424453535,864000,-1
1200,iqld,-132.3388888888889,90.82973472314308,864720,-1
1201,iqld,-186.325,122.89419540356204,865440,-1
1202,iqld,-189.4638888888889,120.39803812719103,866160,-1
1203,iqld,-173.0375,118.68926509716688,866880,-1
1204,iqld,-188.05833333333334,106.64530743179571,867600,-1
1205,iqld,-146.4875,107.25785316689972,868320,-1
1206,iqld,-180.2625,110.25136297658385,869040,-1
1207,iqld,-204.57083333333333,127.88814767589771,869760,-1
1208,iqld,-199.30555555555554,132.13794758266084,870480,-1
1209,iqld,-190.94722222222222,123.05146842347246,871200,-1
1210,iqld,-197.09444444444443,133.6447902805635,871920,-1
1211,iqld,-155.41805555555555,115.8548611007047,872640,-1
1212,iqld,-175.28472222222223,137.8123554770945,873360,-1
1213,iqld,-124.7388888888889,75.49472857895363,874080,-1
1214,iqld,-146.30694444444444,114.6126154419371,874800,-1
1215,iqld,-132.15,100.33449473303453,875520,-1
1216,iqld,-128.59305555555557,93.81081557283979,876240,-1
1217,iqld,-149.13055555555556,113.433728374874,876960,-1
1218,iqld,-147.30694444444444,116.64099220636716,877680,-1
1219,iqld,-101.1138888888889,76.5469052018934,878400,-1
1220,iqld,-125.45972222222223,93.88332617273512,879120,-1
1221,iqld,-203.72222222222223,129.24838514166586,879840,-1
1222,iqld,-159.84305555555557,127.46195110523166,880560,-1
1223,iqld,-154.02916666666667,111.252280797469,881280,-1
1224,iqld,-48.75972222222222,27.388902658042515,882000,-1
1225,iqld,-166.88611111111112,111.41333615759575,882720,-1
1226,iqld,-123.58333333333333,97.99843394440319,883440,-1
1227,iqld,-199.35694444444445,143.37458352781601,884160,-1
1228,iqld,-152.75833333333333,122.02613534949523,884880,-1
1229,iqld,-103.85138888888889,71.67460322925399,885600,-1
1230,iqld,-132.77083333333334,93.61789349605603,886320,-1
1231,iqld,-175.49166666666667,104.57489308571579,887040,-1
1232,iqld,-160.98194444444445,106.75113039524959,887760,-1
1233,iqld,-179.24166666666667,140.14586622317634,888480,-1
1234,iqld,-134.93472222222223,89.8181181606631,889200,-1
1235,iqld,-184.23888888888888,134.0148774447942,889920,-1
1236,iqld,-112.975,88.21951432836917,890640,-1
1237,iqld,-146.11388888888888,106.5411544187341,891360,-1
1238,iqld,-198.95833333333334,140.20684496485896,892080,-1
1239,iqld,-59.420833333333334,39.009676283583794,892800,-1
1240,iqld,-199.9986111111111,125.18505745168669,893520,-1
1241,iqld,-189.22083333333333,118.88975920469349,894240,-1
1242,iqld,-194.04166666666666,144.88582070605347,894960,-1
1243,iqld,-202.51666666666668,146.10786445484567,895680,-1
1244,iqld,-151.13194444444446,119.29080052822003,896400,-1
1245,iqld,-206.34722222222223,159.24136639096554,897120,-1
1246,iqld,-118.1625,88.42547071702688,897840,-1
1247,iqld,-121.425,87.89828362311114,898560,-1
1248,iqld,-87.29444444444445,62.62036828933025,899280,-1
1249,iqld,-94.95833333333333,65.85449818012097,900000,-1
1250,iqld,-94.66527777777777,60.30660471411951,900720,-1
1251,iqld,-97.27222222222223,68.43714314411726,901440,-1
1252,iqld,-185.62083333333334,135.02388413978633,902160,-1
1253,iqld,-206.52777777777777,153.71970995417294,902880,-1
1254,iqld,-217.91805555555555,152.04065686737735,903600,-1
1255,iqld,-150.12083333333334,105.79877708479853,904320,-1
1256,iqld,-170.14166666666668,120.54565496340196,905040,-1
1257,iqld,-195.40416666666667,148.87889087881314,905760,-1
1258,iqld,-111.10277777777777,78.11146233325495,906480,-1
1259,iqld,-98.84027777777777,65.74150380197476,907200,-1
1260,iqld,-158.8375,119.4655923704255,907920,-1
1261,iqld,-162.2625,112.74498872517078,908640,-1
1262,iqld,-165.4388888888889,117.21673486366511,909360,-1
1263,iqld,-126.3375,84.34715785487052,910080,-1
1264,iqld,-152.8513888888889,110.93773966240849,910800,-1
1265,iqld,-231.88194444444446,144.4761560742703,911520,-1
1266,iqld,-221.48194444444445,129.83431624188157,912240,-1
1267,iqld,-205.34722222222223,129.30201078205997,912960,-1
1268,iqld,-192.14583333333334,146.9083883444789,913680,-1
1269,iqld,-161.01805555555555,117.98472573740317,914400,-1
1270,iqld,-105.27916666666667,68.72817721829962,915120,-1
1271,iqld,-83.3,48.07969656957314,915840,-1
1272,iqld,-156.48472222222222,107.04003555228273,916560,-1
1273,iqld,-140.4125,108.09963567301644,917280,-1
1274,iqld,-78.13333333333334,51.60417188130777,918000,-1
1275,iqld,-130.62083333333334,92.03878626472284,918720,-1
1276,iqld,-172.03194444444443,135.27293533855183,919440,-1
1277,iqld,-74.81111111111112,38.72704178519318,920160,-1
1278,iqld,-187.16944444444445,134.78131118272964,920880,-1
1279,iqld,-208.29861111111111,159.84087051489638,921600,-1
1280,iqld,-163.5888888888889,128.07203003210034,922320,-1
1281,iqld,-180.56527777777777,143.32379295741728,923040,-1
1282,iqld,-159.7513888888889,98.88346465109484,923760,-1
1283,iqld,-159.7097222222222,130.3390468267304,924480,-1
1284,iqld,-127.7375,90.28817588622063,925200,-1
1285,iqld,-214.09722222222223,186.77602151910764,925920,-1
1286,iqld,-84.85138888888889,60.30401104463108,926640,-1
1287,iqld,-126.48472222222222,93.81465053752743,927360,-1
1288,iqld,-182.7513888888889,154.59783174871606,928080,-1
1289,iqld,-165.54583333333332,123.46053399714872,928800,-1
1290,iqld,-66.45555555555555,37.74038836022024,929520,-1
1291,iqld,-139.0847222222222,101.15145294683697,930240,-1
1292,iqld,-126.44305555555556,99.79875350812098,930960,-1
1293,iqld,-141.1,116.94949527229456,931680,-1
1294,iqld,-135.55138888888888,108.77941555308608,932400,-1
1295,iqld,-149.3361111111111,107.46855264261619,933120,-1
1296,iqld,-165.08194444444445,118.58474563036823,933840,-1
1297,iqld,-125.5125,91.79401674628183,934560,-1
1298,iqld,-119.14861111111111,96.79433450628932,935280,-1
1299,iqld,-94.45277777777778,77.57020471128472,936000,-1
1300,iqld,-245.35972222222222,181.36417412344258,936720,-1
1301,iqld,-153.90277777777777,108.40946808310484,937440,-1
1302,iqld,-84.94583333333334,50.747863768668466,938160,-1
1303,iqld,-117.69583333333334,89.93573621928914,938880,-1
1304,iqld,-169.7625,128.19284727998672,939600,-1
1305,iqld,-76.27222222222223,37.131535048550425,940320,-1
1306,iqld,-193.29861111111111,127.64768570067244,941040,-1
1307,iqld,-135.64583333333334,98.25579349260333,941760,-1
1308,iqld,-164.64444444444445,114.34391944296927,942480,-1
1309,iqld,-177.60694444444445,144.43067236027588,943200,-1
1310,iqld,-164.77083333333334,126.75097625911562,943920,-1
1311,iqld,-41.63472222222222,31.186689912535083,944640,-1
1312,iqld,-106.23194444444445,69.44666483950289,945360,-1
1313,iqld,-39.72361111111111,27.92698810716355,946080,-1
1314,iqld,-89.91666666666667,59.24559289751245,946800,-1
1315,iqld,-159.76527777777778,123.74059634273698,947520,-1
1316,iqld,-126.9375,93.97536754310201,948240,-1
1317,iqld,-39.94027777777778,22.045484292721202,948960,-1
1318,iqld,-37.47361111111111,19.26242379071777,949680,-1
1319,iqld,-94.31111111111112,49.75191664525642,950400,-1
1320,iqld,-157.40416666666667,126.4670432887337,951120,-1
1321,iqld,-36.59583333333333,25.018642701771196,951840,-1
1322,iqld,-33.2,17.332820505234185,952560,-1
1323,iqld,-43.25555555555555,18.470583887246296,953280,-1
1324,iqld,-81.00138888888888,42.59487773409027,954000,-1
1325,iqld,-164.46666666666667,112.96000521325136,954720,-1
1326,iqld,-131.4625,105.09649658171294,955440,-1
1327,iqld,-126.36527777777778,103.4173377089728,956160,-1
1328,iqld,-194.2888888888889,144.58177189892265,956880,-1
1329,iqld,-138.1888888888889,112.76166058889622,957600,-1
1330,iqld,-132.98611111111111,103.91133948595521,958320,-1
1331,iqld,-151.50555555555556,117.83250811697002,959040,-1
1332,iqld,-177.68333333333334,127.38737836483905,959760,-1
1333,iqld,-113.575,84.3666761326216,960480,-1
1334,iqld,-77.69305555555556,56.65712131955819,961200,-1
1335,iqld,-150.13472222222222,123.89278480888473,961920,-1
1336,iqld,-90.06111111111112,76.0773666071358,962640,-1
1337,iqld,-93.49722222222222,58.94948395830635,963360,-1
1338,iqld,-120.11111111111111,74.29564731447289,964080,-1
1339,iqld,-101.69166666666666,64.31702675462816,964800,-1
1340,iqld,-159.01666666666668,123.01069172140191,965520,-1
1341,iqld,-193.50277777777777,142.10654255426945,966240,-1
1342,iqld,-161.0,132.40107418161094,966960,-1
1343,iqld,-135.09027777777777,110.97998525725536,967680,-1
1344,iqld,-137.54305555555555,113.08143983478467,968400,-1
1345,iqld,-38.42777777777778,18.887615153132476,969120,-1
1346,iqld,-129.56805555555556,92.29620692577676,969840,-1
1347,iqld,-150.5861111111111,120.3093389114951,970560,-1
1348,iqld,-186.18472222222223,143.60489019811175,971280,-1
1349,iqld,-179.6236111111111,131.54301682662128,972000,-1
1350,iqld,-195.55,145.8569418985603,972720,-1
1351,iqld,-121.73055555555555,82.18858503954469,973440,-1
1352,iqld,-78.99861111111112,47.25393867492116,974160,-1
1353,iqld,-136.0236111111111,84.32992910299066,974880,-1
1354,iqld,-160.1472222222222,116.70563869580194,975600,-1
1355,iqld,-81.07777777777778,50.73276451231224,976320,-1
1356,iqld,-123.92777777777778,92.46346308771287,977040,-1
1357,iqld,-199.89166666666668,142.31020279461498,977760,-1
1358,iqld,-175.525,128.22306707669864,978480,-1
1359,iqld,-182.95833333333334,138.5558188260441,979200,-1
1360,iqld,-184.42083333333332,145.26716521015493,979920,-1
1361,iqld,-173.80416666666667,117.6017490155983,980640,-1
1362,iqld,-155.09722222222223,122.50332872146579,981360,-1
1363,iqld,-215.34166666666667,148.3045381694932,982080,-1
1364,iqld,-172.4013888888889,142.1114341645077,982800,-1
1365,iqld,-130.92916666666667,96.31497365054696,983520,-1
1366,iqld,-151.2,122.88753440081345,984240,-1
1367,iqld,-197.19166666666666,142.51692662627832,984960,-1
1368,iqld,-197.6638888888889,129.0990718892058,985680,-1
1369,iqld,-191.89583333333334,131.06952770857916,986400,-1
1370,iqld,-207.5125,144.56954250992072,987120,-1
1371,iqld,-144.31944444444446,104.83533734026382,987840,-1
1372,iqld,-198.41944444444445,145.71671207335532,988560,-1
1373,iqld,-124.14583333333333,95.88347737039416,989280,-1
1374,iqld,-139.98055555555555,112.21234661580111,990000,-1
1375,iqld,-58.03888888888889,34.8894864598506,990720,-1
1376,iqld,-105.83472222222223,74.30047229497382,991440,-1
1377,iqld,-139.64583333333334,106.67919644832872,992160,-1
1378,iqld,-196.3625,131.9984553124055,992880,-1
1379,iqld,-115.85416666666667,80.50701908236186,993600,-1
1380,iqld,-164.66805555555555,117.61814193773766,994320,-1
1381,iqld,-132.1888888888889,94.93840335764429,995040,-1
1382,iqld,-68.44444444444444,40.53215078075157,995760,-1
1383,iqld,-126.53472222222223,78.2239407437288,996480,-1
1384,iqld,-101.29583333333333,68.69930441484348,997200,-1
1385,iqld,-84.32916666666667,43.949702746751065,997920,-1
1386,iqld,-142.02083333333334,86.28805672072404,998640,-1
1387,iqld,-168.70555555555555,105.68712721057702,999360,-1
1388,iqld,-160.19583333333333,85.48756722065235,1000080,-1
