,action,episode,reward,step
0,"0,0,0,0,0,0",1,"1.0,0.0,0.0,3.0,0.0,0.0",1.0
1,"0,0,0,0,0,0",1,"2.0,0.0,0.0,1.0,3.0,0.0",2.0
2,"1,1,1,1,1,1",1,"2.0,3.0,0.0,4.0,1.0,3.0",3.0
3,"1,1,1,1,1,1",1,"1.0,4.0,1.0,3.0,0.0,4.0",4.0
4,"2,0,0,0,0,0",1,"3.0,0.0,1.0,3.0,3.0,3.0",5.0
5,"2,0,0,0,0,0",1,"3.0,0.0,2.0,2.0,5.0,4.0",6.0
6,"0,1,1,1,1,1",1,"4.0,3.0,1.0,2.0,2.0,3.0",7.0
7,"0,1,1,1,1,1",1,"3.0,6.0,1.0,6.0,0.0,5.0",8.0
8,"1,0,0,0,0,0",1,"6.0,3.0,3.0,5.0,3.0,3.0",9.0
9,"1,0,0,0,0,0",1,"1.0,2.0,0.0,5.0,5.0,3.0",10.0
10,"2,1,1,1,1,1",1,"5.0,4.0,1.0,0.0,2.0,4.0",11.0
11,"2,1,1,1,1,1",1,"3.0,6.0,3.0,4.0,0.0,6.0",12.0
12,"0,0,0,0,0,0",1,"4.0,2.0,0.0,7.0,3.0,3.0",13.0
13,"0,0,0,0,0,0",1,"4.0,0.0,2.0,4.0,5.0,3.0",14.0
14,"1,1,1,1,1,1",1,"4.0,3.0,3.0,2.0,3.0,4.0",15.0
15,"1,1,1,1,1,1",1,"2.0,6.0,1.0,4.0,0.0,6.0",16.0
16,"2,0,0,0,0,0",1,"4.0,3.0,3.0,3.0,3.0,4.0",17.0
17,"2,0,0,0,0,0",1,"5.0,2.0,1.0,3.0,5.0,5.0",18.0
18,"0,1,1,1,1,1",1,"4.0,3.0,2.0,1.0,2.0,4.0",19.0
19,"0,1,1,1,1,1",1,"3.0,6.0,0.0,7.0,0.0,6.0",20.0
20,"1,0,0,0,0,0",1,"4.0,3.0,2.0,4.0,4.0,4.0",21.0
21,"1,0,0,0,0,0",1,"2.0,2.0,1.0,3.0,5.0,3.0",22.0
22,"2,1,1,1,1,1",1,"3.0,3.0,2.0,0.0,2.0,4.0",23.0
23,"2,1,1,1,1,1",1,"7.0,6.0,0.0,5.0,2.0,6.0",24.0
24,"0,0,0,0,0,0",1,"4.0,4.0,0.0,3.0,3.0,4.0",25.0
25,"0,0,0,0,0,0",1,"5.0,0.0,2.0,5.0,5.0,5.0",26.0
26,"1,1,1,1,1,1",1,"2.0,4.0,2.0,0.0,2.0,3.0",27.0
27,"1,1,1,1,1,1",1,"5.0,6.0,0.0,6.0,2.0,6.0",28.0
28,"2,0,0,0,0,0",1,"2.0,1.0,2.0,5.0,3.0,4.0",29.0
29,"2,0,0,0,0,0",1,"6.0,1.0,1.0,7.0,5.0,6.0",30.0
30,"0,1,1,1,1,1",1,"10.0,3.0,1.0,0.0,2.0,3.0",31.0
31,"0,1,1,1,1,1",1,"12.0,5.0,0.0,6.0,0.0,6.0",32.0
32,"1,0,0,0,0,0",1,"7.0,3.0,3.0,6.0,4.0,3.0",33.0
33,"1,0,0,0,0,0",1,"12.0,2.0,1.0,10.0,5.0,4.0",34.0
34,"2,1,1,1,1,1",1,"8.0,3.0,0.0,0.0,2.0,3.0",35.0
35,"2,1,1,1,1,1",1,"12.0,5.0,0.0,6.0,2.0,5.0",36.0
36,"0,0,0,0,0,0",1,"14.0,2.0,3.0,6.0,3.0,4.0",37.0
37,"0,0,0,0,0,0",1,"10.0,2.0,3.0,5.0,5.0,4.0",38.0
38,"1,1,1,1,1,1",1,"12.0,3.0,2.0,0.0,1.0,3.0",39.0
39,"1,1,1,1,1,1",1,"13.0,7.0,1.0,5.0,0.0,6.0",40.0
40,"2,0,0,0,0,0",1,"16.0,2.0,3.0,6.0,3.0,4.0",41.0
41,"2,0,0,0,0,0",1,"12.0,2.0,0.0,7.0,5.0,5.0",42.0
42,"0,1,1,1,1,1",1,"8.0,4.0,3.0,0.0,1.0,4.0",43.0
43,"0,1,1,1,1,1",1,"12.0,5.0,0.0,8.0,0.0,5.0",44.0
44,"1,0,0,0,0,0",1,"17.0,3.0,3.0,6.0,3.0,3.0",45.0
45,"1,0,0,0,0,0",1,"9.0,1.0,6.0,7.0,5.0,2.0",46.0
46,"2,1,1,1,1,1",1,"8.0,3.0,0.0,1.0,2.0,4.0",47.0
47,"2,1,1,1,1,1",1,"12.0,6.0,0.0,4.0,0.0,6.0",48.0
48,"0,0,0,0,0,0",1,"15.0,3.0,3.0,7.0,3.0,3.0",49.0
49,"0,0,0,0,0,0",1,"11.0,2.0,4.0,4.0,6.0,2.0",50.0
50,"1,1,1,1,1,1",1,"11.0,3.0,2.0,0.0,0.0,4.0",51.0
51,"1,1,1,1,1,1",1,"17.0,5.0,1.0,7.0,0.0,6.0",52.0
52,"2,0,0,0,0,0",1,"15.0,3.0,1.0,6.0,3.0,4.0",53.0
53,"2,0,0,0,0,0",1,"13.0,2.0,1.0,4.0,6.0,2.0",54.0
54,"0,1,1,1,1,1",1,"9.0,3.0,2.0,0.0,3.0,3.0",55.0
55,"0,1,1,1,1,1",1,"14.0,6.0,1.0,5.0,0.0,5.0",56.0
56,"1,0,0,0,0,0",1,"16.0,3.0,3.0,7.0,4.0,4.0",57.0
57,"1,0,0,0,0,0",1,"11.0,2.0,2.0,2.0,6.0,4.0",58.0
58,"2,1,1,1,1,1",1,"13.0,3.0,0.0,0.0,1.0,2.0",59.0
59,"2,1,1,1,1,1",1,"15.0,6.0,0.0,6.0,0.0,6.0",60.0
60,"0,0,0,0,0,0",1,"14.0,1.0,0.0,6.0,3.0,4.0",61.0
61,"0,0,0,0,0,0",1,"11.0,0.0,3.0,7.0,5.0,3.0",62.0
62,"1,1,1,1,1,1",1,"9.0,3.0,2.0,1.0,3.0,4.0",63.0
63,"1,1,1,1,1,1",1,"16.0,5.0,0.0,6.0,0.0,6.0",64.0
64,"2,0,0,0,0,0",1,"16.0,1.0,3.0,10.0,3.0,4.0",65.0
65,"2,0,0,0,0,0",1,"10.0,2.0,6.0,8.0,5.0,4.0",66.0
66,"0,1,1,1,1,1",1,"12.0,3.0,3.0,0.0,2.0,3.0",67.0
67,"0,1,1,1,1,1",1,"11.0,5.0,0.0,7.0,1.0,5.0",68.0
68,"1,0,0,0,0,0",1,"15.0,4.0,3.0,6.0,3.0,4.0",69.0
69,"1,0,0,0,0,0",1,"11.0,3.0,2.0,3.0,5.0,2.0",70.0
70,"2,1,1,1,1,1",1,"10.0,3.0,0.0,1.0,0.0,3.0",71.0
71,"2,1,1,1,1,1",1,"13.0,5.0,0.0,10.0,0.0,5.0",72.0
72,"0,0,0,0,0,0",1,"14.0,2.0,3.0,7.0,3.0,4.0",73.0
73,"0,0,0,0,0,0",1,"9.0,2.0,2.0,7.0,5.0,4.0",74.0
74,"1,1,1,1,1,1",1,"7.0,3.0,1.0,0.0,2.0,3.0",75.0
75,"1,1,1,1,1,1",1,"14.0,5.0,0.0,5.0,0.0,5.0",76.0
76,"2,0,0,0,0,0",1,"17.0,4.0,3.0,9.0,3.0,4.0",77.0
77,"2,0,0,0,0,0",1,"9.0,1.0,2.0,6.0,6.0,5.0",78.0
78,"0,1,1,1,1,1",1,"13.0,4.0,2.0,0.0,1.0,3.0",79.0
79,"0,1,1,1,1,1",1,"11.0,4.0,0.0,6.0,0.0,5.0",80.0
80,"1,0,0,0,0,0",1,"14.0,1.0,2.0,3.0,3.0,4.0",81.0
81,"1,0,0,0,0,0",1,"12.0,1.0,0.0,9.0,5.0,4.0",82.0
82,"2,1,1,1,1,1",1,"12.0,3.0,0.0,1.0,1.0,4.0",83.0
83,"2,1,1,1,1,1",1,"13.0,5.0,0.0,4.0,0.0,6.0",84.0
84,"0,0,0,0,0,0",1,"18.0,1.0,4.0,8.0,3.0,3.0",85.0
85,"0,0,0,0,0,0",1,"11.0,2.0,5.0,9.0,6.0,2.0",86.0
86,"1,1,1,1,1,1",1,"11.0,4.0,4.0,0.0,1.0,4.0",87.0
87,"1,1,1,1,1,1",1,"14.0,5.0,0.0,8.0,0.0,6.0",88.0
88,"2,0,0,0,0,0",1,"16.0,3.0,3.0,5.0,3.0,3.0",89.0
89,"2,0,0,0,0,0",1,"10.0,4.0,6.0,4.0,5.0,3.0",90.0
90,"0,1,1,1,1,1",1,"10.0,4.0,4.0,0.0,2.0,4.0",91.0
91,"0,1,1,1,1,1",1,"15.0,5.0,1.0,8.0,0.0,5.0",92.0
92,"1,0,0,0,0,0",1,"19.0,4.0,3.0,7.0,3.0,3.0",93.0
93,"1,0,0,0,0,0",1,"11.0,2.0,1.0,2.0,5.0,4.0",94.0
94,"2,1,1,1,1,1",1,"10.0,3.0,0.0,1.0,2.0,3.0",95.0
95,"2,1,1,1,1,1",1,"14.0,6.0,2.0,3.0,2.0,5.0",96.0
96,"0,0,0,0,0,0",1,"16.0,1.0,1.0,8.0,3.0,4.0",97.0
97,"0,0,0,0,0,0",1,"9.0,1.0,1.0,3.0,5.0,2.0",98.0
98,"1,1,1,1,1,1",1,"11.0,3.0,0.0,0.0,2.0,4.0",99.0
99,"1,1,1,1,1,1",1,"14.0,5.0,0.0,4.0,0.0,6.0",100.0
100,"2,0,0,0,0,0",1,"15.0,1.0,0.0,8.0,3.0,4.0",101.0
101,"2,0,0,0,0,0",1,"10.0,0.0,2.0,5.0,5.0,4.0",102.0
102,"0,1,1,1,1,1",1,"9.0,3.0,0.0,0.0,3.0,4.0",103.0
103,"0,1,1,1,1,1",1,"11.0,5.0,0.0,7.0,0.0,6.0",104.0
104,"1,0,0,0,0,0",1,"18.0,2.0,2.0,5.0,3.0,3.0",105.0
105,"1,0,0,0,0,0",1,"9.0,0.0,0.0,5.0,6.0,4.0",106.0
106,"2,1,1,1,1,1",1,"9.0,3.0,1.0,2.0,1.0,4.0",107.0
107,"2,1,1,1,1,1",1,"15.0,6.0,0.0,7.0,0.0,5.0",108.0
108,"0,0,0,0,0,0",1,"12.0,1.0,3.0,4.0,3.0,3.0",109.0
109,"0,0,0,0,0,0",1,"8.0,0.0,0.0,6.0,6.0,3.0",110.0
110,"1,1,1,1,1,1",1,"10.0,3.0,0.0,2.0,3.0,3.0",111.0
111,"1,1,1,1,1,1",1,"20.0,5.0,0.0,5.0,0.0,5.0",112.0
112,"2,0,0,0,0,0",1,"12.0,1.0,3.0,4.0,3.0,4.0",113.0
113,"2,0,0,0,0,0",1,"12.0,0.0,1.0,4.0,5.0,6.0",114.0
114,"0,1,1,1,1,1",1,"11.0,4.0,1.0,1.0,4.0,4.0",115.0
115,"0,1,1,1,1,1",1,"13.0,6.0,0.0,6.0,0.0,6.0",116.0
116,"1,0,0,0,0,0",1,"15.0,0.0,2.0,6.0,4.0,3.0",117.0
117,"1,0,0,0,0,0",1,"11.0,1.0,1.0,3.0,5.0,2.0",118.0
118,"2,1,1,1,1,1",1,"14.0,4.0,2.0,0.0,1.0,3.0",119.0
119,"2,1,1,1,1,1",1,"11.0,5.0,0.0,7.0,0.0,5.0",120.0
120,"0,0,0,0,0,0",1,"17.0,2.0,0.0,6.0,3.0,4.0",121.0
121,"0,0,0,0,0,0",1,"9.0,0.0,1.0,4.0,6.0,4.0",122.0
122,"1,1,1,1,1,1",1,"18.0,3.0,1.0,0.0,3.0,3.0",123.0
123,"1,1,1,1,1,1",1,"16.0,5.0,0.0,6.0,4.0,6.0",124.0
124,"2,0,0,0,0,0",1,"17.0,2.0,0.0,4.0,3.0,3.0",125.0
125,"2,0,0,0,0,0",1,"10.0,0.0,0.0,3.0,6.0,3.0",126.0
126,"0,1,1,1,1,1",1,"9.0,3.0,1.0,0.0,3.0,4.0",127.0
127,"0,1,1,1,1,1",1,"16.0,5.0,1.0,7.0,6.0,6.0",128.0
128,"1,0,0,0,0,0",1,"14.0,2.0,0.0,5.0,3.0,3.0",129.0
129,"1,0,0,0,0,0",1,"11.0,0.0,1.0,6.0,5.0,6.0",130.0
130,"2,1,1,1,1,1",1,"13.0,3.0,3.0,3.0,4.0,3.0",131.0
131,"2,1,1,1,1,1",1,"12.0,6.0,0.0,6.0,6.0,6.0",132.0
132,"0,0,0,0,0,0",1,"15.0,1.0,3.0,5.0,4.0,4.0",133.0
133,"0,0,0,0,0,0",1,"10.0,2.0,3.0,5.0,5.0,5.0",134.0
134,"1,1,1,1,1,1",1,"16.0,3.0,2.0,0.0,4.0,4.0",135.0
135,"1,1,1,1,1,1",1,"13.0,5.0,0.0,9.0,6.0,6.0",136.0
136,"2,0,0,0,0,0",1,"14.0,4.0,1.0,4.0,4.0,3.0",137.0
137,"2,0,0,0,0,0",1,"11.0,1.0,1.0,6.0,5.0,2.0",138.0
138,"0,1,1,1,1,1",1,"8.0,3.0,1.0,1.0,4.0,4.0",139.0
139,"0,1,1,1,1,1",1,"13.0,5.0,0.0,5.0,6.0,6.0",140.0
140,"1,0,0,0,0,0",1,"14.0,1.0,3.0,5.0,4.0,3.0",141.0
141,"1,0,0,0,0,0",1,"10.0,2.0,2.0,6.0,5.0,2.0",142.0
142,"2,1,1,1,1,1",1,"12.0,3.0,1.0,2.0,4.0,2.0",143.0
143,"2,1,1,1,1,1",1,"15.0,6.0,0.0,6.0,6.0,5.0",144.0
144,"0,0,0,0,0,0",1,"14.0,2.0,3.0,6.0,3.0,4.0",145.0
145,"0,0,0,0,0,0",1,"12.0,2.0,2.0,7.0,6.0,6.0",146.0
146,"1,1,1,1,1,1",1,"11.0,4.0,3.0,1.0,4.0,2.0",147.0
147,"1,1,1,1,1,1",1,"17.0,5.0,1.0,7.0,6.0,6.0",148.0
148,"2,0,0,0,0,0",1,"19.0,1.0,3.0,7.0,4.0,4.0",149.0
149,"2,0,0,0,0,0",1,"7.0,4.0,1.0,4.0,6.0,5.0",150.0
150,"0,1,1,1,1,1",1,"11.0,3.0,1.0,0.0,3.0,3.0",151.0
151,"0,1,1,1,1,1",1,"14.0,5.0,0.0,6.0,6.0,6.0",152.0
152,"1,0,0,0,0,0",1,"16.0,2.0,1.0,8.0,3.0,3.0",153.0
153,"1,0,0,0,0,0",1,"10.0,0.0,3.0,3.0,5.0,5.0",154.0
154,"2,1,1,1,1,1",1,"13.0,4.0,0.0,0.0,4.0,4.0",155.0
155,"2,1,1,1,1,1",1,"12.0,5.0,0.0,6.0,6.0,5.0",156.0
156,"0,0,0,0,0,0",1,"14.0,3.0,1.0,5.0,4.0,3.0",157.0
157,"0,0,0,0,0,0",1,"9.0,1.0,0.0,8.0,5.0,4.0",158.0
158,"1,1,1,1,1,1",1,"14.0,3.0,0.0,0.0,4.0,3.0",159.0
159,"1,1,1,1,1,1",1,"15.0,5.0,0.0,8.0,6.0,6.0",160.0
160,"2,0,0,0,0,0",1,"18.0,1.0,3.0,3.0,3.0,3.0",161.0
161,"2,0,0,0,0,0",1,"13.0,1.0,1.0,5.0,5.0,2.0",162.0
162,"0,1,1,1,1,1",1,"7.0,3.0,1.0,0.0,4.0,4.0",163.0
163,"0,1,1,1,1,1",1,"14.0,5.0,0.0,6.0,6.0,5.0",164.0
164,"1,0,0,0,0,0",1,"15.0,1.0,3.0,5.0,4.0,4.0",165.0
165,"1,0,0,0,0,0",1,"7.0,1.0,1.0,5.0,5.0,3.0",166.0
166,"2,1,1,1,1,1",1,"8.0,3.0,0.0,0.0,4.0,4.0",167.0
167,"2,1,1,1,1,1",1,"15.0,5.0,0.0,5.0,6.0,6.0",168.0
168,"0,0,0,0,0,0",1,"18.0,1.0,1.0,4.0,3.0,4.0",169.0
169,"0,0,0,0,0,0",1,"10.0,0.0,0.0,3.0,6.0,3.0",170.0
170,"1,1,1,1,1,1",1,"6.0,3.0,0.0,0.0,4.0,3.0",171.0
171,"1,1,1,1,1,1",1,"14.0,5.0,1.0,6.0,6.0,6.0",172.0
172,"2,0,0,0,0,0",1,"12.0,1.0,0.0,4.0,4.0,4.0",173.0
173,"2,0,0,0,0,0",1,"11.0,0.0,1.0,5.0,5.0,1.0",174.0
174,"0,1,1,1,1,1",1,"9.0,4.0,2.0,1.0,4.0,3.0",175.0
175,"0,1,1,1,1,1",1,"11.0,5.0,1.0,5.0,6.0,6.0",176.0
176,"1,0,0,0,0,0",1,"13.0,2.0,2.0,3.0,3.0,4.0",177.0
177,"1,0,0,0,0,0",1,"10.0,2.0,0.0,5.0,5.0,6.0",178.0
178,"2,1,1,1,1,1",1,"9.0,3.0,0.0,0.0,4.0,4.0",179.0
179,"2,1,1,1,1,1",1,"16.0,5.0,0.0,7.0,6.0,5.0",180.0
180,"0,0,0,0,0,0",1,"14.0,1.0,2.0,5.0,3.0,4.0",181.0
181,"0,0,0,0,0,0",1,"11.0,2.0,0.0,8.0,6.0,4.0",182.0
182,"1,1,1,1,1,1",1,"11.0,3.0,1.0,4.0,4.0,3.0",183.0
183,"1,1,1,1,1,1",1,"12.0,5.0,0.0,8.0,6.0,5.0",184.0
184,"2,0,0,0,0,0",1,"15.0,1.0,3.0,9.0,4.0,3.0",185.0
185,"2,0,0,0,0,0",1,"9.0,1.0,6.0,5.0,6.0,4.0",186.0
186,"0,1,1,1,1,1",1,"12.0,3.0,2.0,2.0,4.0,2.0",187.0
187,"0,1,1,1,1,1",1,"19.0,6.0,0.0,8.0,5.0,0.0",188.0
188,"1,0,0,0,0,0",1,"15.0,3.0,3.0,5.0,4.0,3.0",189.0
189,"1,0,0,0,0,0",1,"8.0,3.0,6.0,8.0,6.0,2.0",190.0
190,"2,1,1,1,1,1",1,"11.0,3.0,1.0,0.0,4.0,4.0",191.0
191,"2,1,1,1,1,1",1,"11.0,5.0,0.0,5.0,6.0,2.0",192.0
192,"0,0,0,0,0,0",1,"15.0,4.0,3.0,5.0,3.0,3.0",193.0
193,"0,0,0,0,0,0",1,"12.0,5.0,3.0,7.0,5.0,5.0",194.0
194,"1,1,1,1,1,1",1,"9.0,3.0,2.0,1.0,3.0,0.0",195.0
195,"1,1,1,1,1,1",1,"16.0,5.0,0.0,5.0,6.0,1.0",196.0
196,"2,0,0,0,0,0",1,"13.0,2.0,3.0,9.0,4.0,3.0",197.0
197,"2,0,0,0,0,0",1,"9.0,2.0,5.0,7.0,5.0,3.0",198.0
198,"0,1,1,1,1,1",1,"10.0,3.0,2.0,1.0,4.0,4.0",199.0
199,"0,1,1,1,1,1",1,"14.0,5.0,1.0,7.0,6.0,0.0",200.0
200,"1,0,0,0,0,0",1,"10.0,4.0,3.0,6.0,4.0,3.0",201.0
201,"1,0,0,0,0,0",1,"14.0,2.0,6.0,6.0,5.0,5.0",202.0
202,"2,1,1,1,1,1",1,"11.0,3.0,1.0,0.0,4.0,3.0",203.0
203,"2,1,1,1,1,1",1,"15.0,6.0,0.0,7.0,6.0,1.0",204.0
204,"0,0,0,0,0,0",1,"15.0,3.0,2.0,8.0,4.0,3.0",205.0
205,"0,0,0,0,0,0",1,"10.0,3.0,2.0,2.0,5.0,3.0",206.0
206,"1,1,1,1,1,1",1,"9.0,3.0,1.0,0.0,4.0,2.0",207.0
207,"1,1,1,1,1,1",1,"14.0,5.0,0.0,5.0,6.0,3.0",208.0
208,"2,0,0,0,0,0",1,"13.0,2.0,0.0,5.0,3.0,3.0",209.0
209,"2,0,0,0,0,0",1,"10.0,0.0,0.0,6.0,6.0,3.0",210.0
210,"0,1,1,1,1,1",1,"8.0,3.0,3.0,0.0,3.0,2.0",211.0
211,"0,1,1,1,1,1",1,"14.0,6.0,1.0,8.0,6.0,0.0",212.0
212,"1,0,0,0,0,0",1,"12.0,1.0,3.0,5.0,3.0,3.0",213.0
213,"1,0,0,0,0,0",1,"12.0,3.0,2.0,4.0,6.0,4.0",214.0
214,"2,1,1,1,1,1",1,"8.0,3.0,1.0,0.0,4.0,0.0",215.0
215,"2,1,1,1,1,1",1,"15.0,5.0,0.0,5.0,5.0,0.0",216.0
216,"0,0,0,0,0,0",1,"16.0,3.0,1.0,6.0,4.0,3.0",217.0
217,"0,0,0,0,0,0",1,"9.0,1.0,2.0,9.0,5.0,5.0",218.0
218,"1,1,1,1,1,1",1,"12.0,3.0,1.0,2.0,4.0,0.0",219.0
219,"1,1,1,1,1,1",1,"15.0,6.0,0.0,4.0,6.0,0.0",220.0
220,"2,0,0,0,0,0",1,"17.0,2.0,3.0,6.0,4.0,3.0",221.0
221,"2,0,0,0,0,0",1,"8.0,1.0,3.0,4.0,6.0,4.0",222.0
222,"0,1,1,1,1,1",1,"7.0,3.0,3.0,0.0,4.0,3.0",223.0
223,"0,1,1,1,1,1",1,"17.0,5.0,0.0,5.0,5.0,1.0",224.0
224,"1,0,0,0,0,0",1,"15.0,3.0,2.0,7.0,4.0,3.0",225.0
225,"1,0,0,0,0,0",1,"10.0,1.0,0.0,7.0,5.0,5.0",226.0
226,"2,1,1,1,1,1",1,"12.0,3.0,2.0,0.0,4.0,2.0",227.0
227,"2,1,1,1,1,1",1,"14.0,6.0,0.0,6.0,6.0,0.0",228.0
228,"0,0,0,0,0,0",1,"17.0,0.0,3.0,5.0,4.0,3.0",229.0
229,"0,0,0,0,0,0",1,"10.0,3.0,4.0,5.0,5.0,2.0",230.0
230,"1,1,1,1,1,1",1,"8.0,4.0,2.0,1.0,4.0,1.0",231.0
231,"1,1,1,1,1,1",1,"16.0,5.0,0.0,5.0,6.0,0.0",232.0
232,"2,0,0,0,0,0",1,"15.0,4.0,3.0,4.0,4.0,3.0",233.0
233,"2,0,0,0,0,0",1,"7.0,1.0,1.0,5.0,6.0,4.0",234.0
234,"0,1,1,1,1,1",1,"9.0,4.0,0.0,1.0,4.0,3.0",235.0
235,"0,1,1,1,1,1",1,"16.0,5.0,0.0,7.0,6.0,0.0",236.0
236,"1,0,0,0,0,0",1,"14.0,0.0,2.0,4.0,3.0,3.0",237.0
237,"1,0,0,0,0,0",1,"6.0,1.0,0.0,5.0,6.0,5.0",238.0
238,"2,1,1,1,1,1",1,"9.0,3.0,2.0,0.0,4.0,2.0",239.0
239,"2,1,1,1,1,1",1,"13.0,5.0,0.0,5.0,6.0,0.0",240.0
240,"0,0,0,0,0,0",1,"17.0,1.0,1.0,7.0,4.0,3.0",241.0
241,"0,0,0,0,0,0",1,"8.0,1.0,1.0,5.0,5.0,6.0",242.0
242,"1,1,1,1,1,1",1,"12.0,3.0,4.0,0.0,4.0,3.0",243.0
243,"1,1,1,1,1,1",1,"15.0,6.0,1.0,7.0,6.0,6.0",244.0
244,"2,0,0,0,0,0",1,"11.0,4.0,2.0,8.0,3.0,4.0",245.0
245,"2,0,0,0,0,0",1,"10.0,3.0,2.0,1.0,5.0,4.0",246.0
246,"0,1,1,1,1,1",1,"11.0,3.0,1.0,0.0,4.0,3.0",247.0
247,"0,1,1,1,1,1",1,"15.0,6.0,0.0,7.0,6.0,6.0",248.0
248,"1,0,0,0,0,0",1,"14.0,2.0,2.0,7.0,3.0,4.0",249.0
249,"1,0,0,0,0,0",1,"11.0,1.0,2.0,3.0,5.0,5.0",250.0
250,"2,1,1,1,1,1",1,"9.0,3.0,3.0,1.0,4.0,3.0",251.0
251,"2,1,1,1,1,1",1,"16.0,6.0,0.0,5.0,6.0,6.0",252.0
252,"0,0,0,0,0,0",1,"13.0,3.0,1.0,5.0,3.0,4.0",253.0
253,"0,0,0,0,0,0",1,"12.0,1.0,2.0,6.0,6.0,3.0",254.0
254,"1,1,1,1,1,1",1,"10.0,3.0,2.0,3.0,4.0,3.0",255.0
255,"1,1,1,1,1,1",1,"13.0,6.0,0.0,9.0,6.0,6.0",256.0
256,"2,0,0,0,0,0",1,"15.0,0.0,3.0,7.0,4.0,3.0",257.0
257,"2,0,0,0,0,0",1,"8.0,1.0,6.0,7.0,6.0,3.0",258.0
258,"0,1,1,1,1,1",1,"10.0,4.0,2.0,0.0,3.0,3.0",259.0
259,"0,1,1,1,1,1",1,"13.0,5.0,0.0,4.0,6.0,5.0",260.0
260,"1,0,0,0,0,0",1,"15.0,4.0,3.0,9.0,4.0,4.0",261.0
261,"1,0,0,0,0,0",1,"9.0,4.0,5.0,6.0,6.0,5.0",262.0
262,"2,1,1,1,1,1",1,"11.0,3.0,3.0,1.0,3.0,3.0",263.0
263,"2,1,1,1,1,1",1,"16.0,6.0,0.0,9.0,6.0,6.0",264.0
264,"0,0,0,0,0,0",1,"15.0,1.0,3.0,8.0,4.0,3.0",265.0
265,"0,0,0,0,0,0",1,"8.0,1.0,4.0,6.0,6.0,2.0",266.0
266,"1,1,1,1,1,1",1,"9.0,4.0,4.0,0.0,3.0,4.0",267.0
267,"1,1,1,1,1,1",1,"15.0,5.0,0.0,5.0,6.0,6.0",268.0
268,"2,0,0,0,0,0",1,"15.0,4.0,3.0,8.0,4.0,4.0",269.0
269,"2,0,0,0,0,0",1,"10.0,2.0,0.0,5.0,5.0,3.0",270.0
270,"0,1,1,1,1,1",1,"11.0,3.0,2.0,0.0,4.0,4.0",271.0
271,"0,1,1,1,1,1",1,"18.0,5.0,0.0,8.0,6.0,5.0",272.0
272,"1,0,0,0,0,0",1,"17.0,1.0,3.0,4.0,4.0,4.0",273.0
273,"1,0,0,0,0,0",1,"11.0,0.0,2.0,11.0,5.0,5.0",274.0
274,"2,1,1,1,1,1",1,"10.0,4.0,1.0,2.0,4.0,3.0",275.0
275,"2,1,1,1,1,1",1,"14.0,5.0,0.0,5.0,6.0,5.0",276.0
276,"0,0,0,0,0,0",1,"19.0,2.0,3.0,6.0,3.0,4.0",277.0
277,"0,0,0,0,0,0",1,"11.0,2.0,6.0,6.0,5.0,3.0",278.0
278,"1,1,1,1,1,1",1,"11.0,3.0,2.0,2.0,4.0,4.0",279.0
279,"1,1,1,1,1,1",1,"17.0,5.0,0.0,8.0,6.0,6.0",280.0
280,"2,0,0,0,0,0",1,"22.0,4.0,3.0,6.0,4.0,4.0",281.0
281,"2,0,0,0,0,0",1,"14.0,3.0,5.0,3.0,6.0,5.0",282.0
282,"0,1,1,1,1,1",1,"10.0,4.0,1.0,0.0,3.0,4.0",283.0
283,"0,1,1,1,1,1",1,"16.0,5.0,0.0,7.0,6.0,6.0",284.0
284,"1,0,0,0,0,0",1,"16.0,3.0,3.0,7.0,4.0,4.0",285.0
285,"1,0,0,0,0,0",1,"10.0,0.0,1.0,4.0,6.0,5.0",286.0
286,"2,1,1,1,1,1",1,"14.0,4.0,0.0,3.0,3.0,3.0",287.0
287,"2,1,1,1,1,1",1,"16.0,5.0,0.0,4.0,5.0,6.0",288.0
288,"0,0,0,0,0,0",1,"18.0,1.0,4.0,6.0,4.0,3.0",289.0
289,"0,0,0,0,0,0",1,"16.0,1.0,2.0,6.0,4.0,6.0",290.0
290,"1,1,1,1,1,1",1,"11.0,3.0,2.0,10.0,4.0,4.0",291.0
291,"1,1,1,1,1,1",1,"16.0,4.0,0.0,7.0,6.0,5.0",292.0
292,"2,0,0,0,0,0",1,"22.0,4.0,2.0,5.0,4.0,4.0",293.0
293,"2,0,0,0,0,0",1,"13.0,3.0,0.0,2.0,5.0,5.0",294.0
294,"0,1,1,1,1,1",1,"16.0,3.0,1.0,3.0,3.0,4.0",295.0
295,"0,1,1,1,1,1",1,"18.0,5.0,0.0,7.0,6.0,6.0",296.0
296,"1,0,0,0,0,0",1,"22.0,1.0,3.0,7.0,4.0,4.0",297.0
297,"1,0,0,0,0,0",1,"14.0,2.0,2.0,4.0,6.0,6.0",298.0
298,"2,1,1,1,1,1",1,"14.0,4.0,2.0,10.0,6.0,4.0",299.0
299,"2,1,1,1,1,1",1,"18.0,6.0,0.0,7.0,5.0,5.0",300.0
300,"0,0,0,0,0,0",1,"22.0,0.0,1.0,3.0,4.0,4.0",301.0
301,"0,0,0,0,0,0",1,"14.0,1.0,0.0,4.0,5.0,6.0",302.0
302,"1,1,1,1,1,1",1,"16.0,3.0,0.0,0.0,10.0,4.0",303.0
303,"1,1,1,1,1,1",1,"16.0,5.0,0.0,5.0,4.0,5.0",304.0
304,"2,0,0,0,0,0",1,"22.0,1.0,1.0,8.0,4.0,4.0",305.0
305,"2,0,0,0,0,0",1,"12.0,0.0,1.0,1.0,5.0,6.0",306.0
306,"0,1,1,1,1,1",1,"20.0,3.0,1.0,0.0,10.0,3.0",307.0
307,"0,1,1,1,1,1",1,"17.0,5.0,0.0,5.0,5.0,5.0",308.0
308,"1,0,0,0,0,0",1,"22.0,1.0,1.0,7.0,4.0,4.0",309.0
309,"1,0,0,0,0,0",1,"17.0,0.0,2.0,1.0,6.0,6.0",310.0
310,"2,1,1,1,1,1",1,"14.0,3.0,1.0,0.0,10.0,4.0",311.0
311,"2,1,1,1,1,1",1,"15.0,5.0,0.0,6.0,5.0,6.0",312.0
312,"0,0,0,0,0,0",1,"26.0,3.0,1.0,5.0,4.0,4.0",313.0
313,"0,0,0,0,0,0",1,"18.0,1.0,1.0,5.0,6.0,6.0",314.0
314,"1,1,1,1,1,1",1,"14.0,3.0,2.0,0.0,3.0,4.0",315.0
315,"1,1,1,1,1,1",1,"19.0,6.0,0.0,4.0,5.0,6.0",316.0
316,"2,0,0,0,0,0",1,"22.0,2.0,3.0,6.0,4.0,3.0",317.0
317,"2,0,0,0,0,0",1,"17.0,2.0,3.0,5.0,6.0,6.0",318.0
318,"0,1,1,1,1,1",1,"12.0,3.0,1.0,0.0,10.0,4.0",319.0
319,"0,1,1,1,1,1",1,"17.0,5.0,0.0,8.0,5.0,6.0",320.0
320,"1,0,0,0,0,0",1,"23.0,2.0,3.0,3.0,4.0,4.0",321.0
321,"1,0,0,0,0,0",1,"13.0,1.0,0.0,0.0,6.0,6.0",322.0
322,"2,1,1,1,1,1",1,"13.0,4.0,0.0,0.0,10.0,4.0",323.0
323,"2,1,1,1,1,1",1,"18.0,6.0,0.0,6.0,5.0,5.0",324.0
324,"0,0,0,0,0,0",1,"24.0,1.0,0.0,5.0,4.0,4.0",325.0
325,"0,0,0,0,0,0",1,"19.0,0.0,0.0,2.0,6.0,6.0",326.0
326,"1,1,1,1,1,1",1,"12.0,3.0,2.0,1.0,10.0,3.0",327.0
327,"1,1,1,1,1,1",1,"18.0,5.0,0.0,4.0,6.0,5.0",328.0
328,"2,0,0,0,0,0",1,"25.0,2.0,2.0,5.0,3.0,4.0",329.0
329,"2,0,0,0,0,0",1,"19.0,1.0,1.0,8.0,8.0,6.0",330.0
330,"0,1,1,1,1,1",1,"11.0,3.0,0.0,1.0,11.0,4.0",331.0
331,"0,1,1,1,1,1",1,"20.0,6.0,0.0,7.0,6.0,5.0",332.0
332,"1,0,0,0,0,0",1,"24.0,0.0,3.0,7.0,3.0,4.0",333.0
333,"1,0,0,0,0,0",1,"19.0,2.0,4.0,1.0,6.0,6.0",334.0
334,"2,1,1,1,1,1",1,"13.0,4.0,1.0,1.0,6.0,4.0",335.0
335,"2,1,1,1,1,1",1,"17.0,5.0,0.0,6.0,6.0,6.0",336.0
336,"0,0,0,0,0,0",1,"22.0,3.0,3.0,6.0,4.0,3.0",337.0
337,"0,0,0,0,0,0",1,"20.0,1.0,0.0,5.0,5.0,6.0",338.0
338,"1,1,1,1,1,1",1,"13.0,3.0,4.0,0.0,9.0,4.0",339.0
339,"1,1,1,1,1,1",1,"18.0,6.0,0.0,5.0,4.0,5.0",340.0
340,"2,0,0,0,0,0",1,"22.0,1.0,1.0,4.0,4.0,4.0",341.0
341,"2,0,0,0,0,0",1,"13.0,0.0,0.0,4.0,6.0,6.0",342.0
342,"0,1,1,1,1,1",1,"9.0,3.0,2.0,0.0,10.0,4.0",343.0
343,"0,1,1,1,1,1",1,"10.0,6.0,0.0,6.0,6.0,4.0",344.0
344,"1,0,0,0,0,0",1,"18.0,2.0,1.0,5.0,4.0,4.0",345.0
345,"1,0,0,0,0,0",1,"12.0,0.0,1.0,1.0,5.0,6.0",346.0
346,"2,1,1,1,1,1",1,"10.0,3.0,1.0,1.0,11.0,4.0",347.0
347,"2,1,1,1,1,1",1,"8.0,6.0,0.0,8.0,5.0,4.0",348.0
348,"0,0,0,0,0,0",1,"15.0,1.0,3.0,6.0,4.0,4.0",349.0
349,"0,0,0,0,0,0",1,"16.0,1.0,3.0,2.0,5.0,6.0",350.0
350,"1,1,1,1,1,1",1,"12.0,4.0,1.0,1.0,10.0,4.0",351.0
351,"1,1,1,1,1,1",1,"9.0,6.0,0.0,6.0,4.0,6.0",352.0
352,"2,0,0,0,0,0",1,"20.0,2.0,3.0,6.0,4.0,3.0",353.0
353,"2,0,0,0,0,0",1,"7.0,2.0,1.0,1.0,5.0,6.0",354.0
354,"0,1,1,1,1,1",1,"12.0,3.0,1.0,2.0,10.0,3.0",355.0
355,"0,1,1,1,1,1",1,"8.0,6.0,0.0,5.0,6.0,5.0",356.0
356,"1,0,0,0,0,0",1,"16.0,1.0,2.0,3.0,4.0,3.0",357.0
357,"1,0,0,0,0,0",1,"12.0,1.0,0.0,3.0,7.0,6.0",358.0
358,"2,1,1,1,1,1",1,"12.0,3.0,0.0,0.0,10.0,4.0",359.0
359,"2,1,1,1,1,1",1,"10.0,3.0,0.0,6.0,6.0,5.0",360.0
360,"0,0,0,0,0,0",1,"18.0,0.0,2.0,12.0,4.0,4.0",361.0
361,"0,0,0,0,0,0",1,"15.0,1.0,4.0,1.0,5.0,6.0",362.0
362,"1,1,1,1,1,1",1,"9.0,4.0,1.0,2.0,9.0,4.0",363.0
363,"1,1,1,1,1,1",1,"8.0,6.0,0.0,8.0,4.0,5.0",364.0
364,"2,0,0,0,0,0",1,"15.0,4.0,3.0,4.0,4.0,3.0",365.0
365,"2,0,0,0,0,0",1,"13.0,5.0,5.0,6.0,6.0,6.0",366.0
366,"0,1,1,1,1,1",1,"10.0,3.0,1.0,2.0,7.0,4.0",367.0
367,"0,1,1,1,1,1",1,"3.0,6.0,0.0,8.0,5.0,5.0",368.0
368,"1,0,0,0,0,0",1,"17.0,4.0,3.0,7.0,4.0,3.0",369.0
369,"1,0,0,0,0,0",1,"17.0,4.0,6.0,10.0,6.0,5.0",370.0
370,"2,1,1,1,1,1",1,"11.0,3.0,1.0,0.0,5.0,4.0",371.0
371,"2,1,1,1,1,1",1,"10.0,6.0,1.0,8.0,6.0,5.0",372.0
372,"0,0,0,0,0,0",1,"15.0,4.0,3.0,10.0,3.0,4.0",373.0
373,"0,0,0,0,0,0",1,"10.0,5.0,5.0,6.0,6.0,6.0",374.0
374,"1,1,1,1,1,1",1,"12.0,4.0,4.0,0.0,10.0,4.0",375.0
375,"1,1,1,1,1,1",1,"9.0,7.0,0.0,8.0,6.0,6.0",376.0
376,"2,0,0,0,0,0",1,"20.0,3.0,3.0,7.0,4.0,3.0",377.0
377,"2,0,0,0,0,0",1,"10.0,5.0,6.0,5.0,6.0,6.0",378.0
378,"0,1,1,1,1,1",1,"12.0,3.0,0.0,0.0,5.0,4.0",379.0
379,"0,1,1,1,1,1",1,"4.0,6.0,0.0,7.0,7.0,5.0",380.0
380,"1,0,0,0,0,0",1,"16.0,4.0,3.0,8.0,3.0,4.0",381.0
381,"1,0,0,0,0,0",1,"12.0,4.0,5.0,6.0,5.0,6.0",382.0
382,"2,1,1,1,1,1",1,"7.0,4.0,1.0,0.0,4.0,4.0",383.0
383,"2,1,1,1,1,1",1,"10.0,6.0,0.0,9.0,5.0,5.0",384.0
384,"0,0,0,0,0,0",1,"15.0,4.0,3.0,8.0,4.0,4.0",385.0
385,"0,0,0,0,0,0",1,"9.0,6.0,5.0,8.0,5.0,6.0",386.0
386,"1,1,1,1,1,1",1,"12.0,3.0,1.0,0.0,10.0,3.0",387.0
387,"1,1,1,1,1,1",1,"7.0,5.0,1.0,10.0,5.0,5.0",388.0
388,"2,0,0,0,0,0",1,"15.0,4.0,4.0,10.0,4.0,4.0",389.0
389,"2,0,0,0,0,0",1,"11.0,3.0,5.0,5.0,7.0,6.0",390.0
390,"0,1,1,1,1,1",1,"10.0,4.0,2.0,0.0,11.0,4.0",391.0
391,"0,1,1,1,1,1",1,"6.0,6.0,0.0,10.0,5.0,5.0",392.0
392,"1,0,0,0,0,0",1,"18.0,4.0,3.0,8.0,4.0,4.0",393.0
393,"1,0,0,0,0,0",1,"16.0,4.0,5.0,4.0,5.0,6.0",394.0
394,"2,1,1,1,1,1",1,"10.0,4.0,4.0,0.0,10.0,4.0",395.0
395,"2,1,1,1,1,1",1,"11.0,6.0,0.0,9.0,4.0,4.0",396.0
396,"0,0,0,0,0,0",1,"18.0,4.0,3.0,10.0,4.0,4.0",397.0
397,"0,0,0,0,0,0",1,"10.0,4.0,5.0,4.0,5.0,6.0",398.0
398,"1,1,1,1,1,1",1,"12.0,4.0,1.0,0.0,6.0,4.0",399.0
399,"1,1,1,1,1,1",1,"10.0,6.0,0.0,10.0,6.0,6.0",400.0
400,"2,0,0,0,0,0",1,"23.0,4.0,3.0,9.0,3.0,3.0",401.0
401,"2,0,0,0,0,0",1,"17.0,2.0,5.0,7.0,5.0,6.0",402.0
402,"0,1,1,1,1,1",1,"15.0,4.0,3.0,0.0,5.0,4.0",403.0
403,"0,1,1,1,1,1",1,"15.0,5.0,0.0,10.0,5.0,5.0",404.0
404,"1,0,0,0,0,0",1,"23.0,4.0,3.0,8.0,4.0,4.0",405.0
405,"1,0,0,0,0,0",1,"10.0,5.0,5.0,7.0,7.0,6.0",406.0
406,"2,1,1,1,1,1",1,"16.0,4.0,3.0,0.0,10.0,3.0",407.0
407,"2,1,1,1,1,1",1,"19.0,5.0,0.0,9.0,5.0,5.0",408.0
408,"0,0,0,0,0,0",1,"22.0,4.0,3.0,11.0,4.0,4.0",409.0
409,"0,0,0,0,0,0",1,"14.0,6.0,5.0,6.0,6.0,5.0",410.0
410,"1,1,1,1,1,1",1,"12.0,4.0,2.0,0.0,10.0,4.0",411.0
411,"1,1,1,1,1,1",1,"18.0,5.0,0.0,9.0,6.0,5.0",412.0
412,"2,0,0,0,0,0",1,"24.0,4.0,3.0,12.0,4.0,4.0",413.0
413,"2,0,0,0,0,0",1,"15.0,5.0,5.0,4.0,7.0,6.0",414.0
414,"0,1,1,1,1,1",1,"15.0,4.0,1.0,0.0,10.0,4.0",415.0
415,"0,1,1,1,1,1",1,"18.0,5.0,0.0,9.0,5.0,6.0",416.0
416,"1,0,0,0,0,0",1,"22.0,4.0,3.0,9.0,4.0,4.0",417.0
417,"1,0,0,0,0,0",1,"19.0,5.0,6.0,4.0,5.0,6.0",418.0
418,"2,1,1,1,1,1",1,"11.0,4.0,2.0,0.0,9.0,4.0",419.0
419,"2,1,1,1,1,1",1,"14.0,5.0,0.0,9.0,6.0,5.0",420.0
420,"0,0,0,0,0,0",1,"21.0,4.0,3.0,10.0,4.0,4.0",421.0
421,"0,0,0,0,0,0",1,"20.0,4.0,5.0,6.0,6.0,6.0",422.0
422,"1,1,1,1,1,1",1,"13.0,4.0,1.0,0.0,10.0,3.0",423.0
423,"1,1,1,1,1,1",1,"18.0,5.0,0.0,9.0,6.0,4.0",424.0
424,"2,0,0,0,0,0",1,"25.0,4.0,3.0,10.0,4.0,4.0",425.0
425,"2,0,0,0,0,0",1,"15.0,3.0,6.0,7.0,6.0,6.0",426.0
426,"0,1,1,1,1,1",1,"13.0,4.0,3.0,0.0,10.0,3.0",427.0
427,"0,1,1,1,1,1",1,"15.0,6.0,0.0,10.0,6.0,5.0",428.0
428,"1,0,0,0,0,0",1,"22.0,4.0,3.0,10.0,4.0,4.0",429.0
429,"1,0,0,0,0,0",1,"19.0,5.0,5.0,5.0,9.0,6.0",430.0
430,"2,1,1,1,1,1",1,"15.0,3.0,2.0,0.0,10.0,4.0",431.0
431,"2,1,1,1,1,1",1,"17.0,6.0,0.0,9.0,5.0,5.0",432.0
432,"0,0,0,0,0,0",1,"26.0,4.0,3.0,10.0,4.0,4.0",433.0
433,"0,0,0,0,0,0",1,"13.0,6.0,5.0,6.0,5.0,6.0",434.0
434,"1,1,1,1,1,1",1,"13.0,3.0,2.0,0.0,10.0,4.0",435.0
435,"1,1,1,1,1,1",1,"16.0,6.0,0.0,11.0,5.0,5.0",436.0
436,"2,0,0,0,0,0",1,"22.0,3.0,3.0,9.0,4.0,3.0",437.0
437,"2,0,0,0,0,0",1,"16.0,6.0,6.0,4.0,4.0,5.0",438.0
438,"0,1,1,1,1,1",1,"16.0,3.0,0.0,0.0,10.0,4.0",439.0
439,"0,1,1,1,1,1",1,"17.0,5.0,0.0,11.0,5.0,5.0",440.0
440,"1,0,0,0,0,0",1,"24.0,4.0,3.0,11.0,4.0,4.0",441.0
441,"1,0,0,0,0,0",1,"21.0,6.0,5.0,5.0,6.0,6.0",442.0
442,"2,1,1,1,1,1",1,"13.0,3.0,2.0,0.0,10.0,4.0",443.0
443,"2,1,1,1,1,1",1,"18.0,5.0,0.0,12.0,5.0,6.0",444.0
444,"0,0,0,0,0,0",1,"25.0,4.0,2.0,12.0,4.0,3.0",445.0
445,"0,0,0,0,0,0",1,"21.0,3.0,6.0,8.0,6.0,6.0",446.0
446,"1,1,1,1,1,1",1,"13.0,4.0,1.0,0.0,10.0,4.0",447.0
447,"1,1,1,1,1,1",1,"19.0,6.0,0.0,11.0,6.0,5.0",448.0
448,"2,0,0,0,0,0",1,"25.0,3.0,3.0,12.0,4.0,4.0",449.0
449,"2,0,0,0,0,0",1,"15.0,4.0,6.0,3.0,4.0,6.0",450.0
450,"0,1,1,1,1,1",1,"14.0,4.0,0.0,0.0,10.0,4.0",451.0
451,"0,1,1,1,1,1",1,"17.0,5.0,0.0,9.0,5.0,6.0",452.0
452,"1,0,0,0,0,0",1,"25.0,4.0,3.0,12.0,4.0,3.0",453.0
453,"1,0,0,0,0,0",1,"13.0,4.0,5.0,4.0,4.0,5.0",454.0
454,"2,1,1,1,1,1",1,"10.0,2.0,2.0,0.0,10.0,4.0",455.0
455,"2,1,1,1,1,1",1,"18.0,6.0,0.0,9.0,5.0,6.0",456.0
456,"0,0,0,0,0,0",1,"26.0,3.0,3.0,10.0,3.0,4.0",457.0
457,"0,0,0,0,0,0",1,"17.0,4.0,5.0,4.0,6.0,6.0",458.0
458,"1,1,1,1,1,1",1,"15.0,4.0,1.0,0.0,11.0,3.0",459.0
459,"1,1,1,1,1,1",1,"17.0,6.0,0.0,12.0,5.0,5.0",460.0
460,"2,0,0,0,0,0",1,"24.0,3.0,3.0,9.0,4.0,4.0",461.0
461,"2,0,0,0,0,0",1,"19.0,4.0,5.0,6.0,4.0,6.0",462.0
462,"0,1,1,1,1,1",1,"13.0,4.0,0.0,0.0,10.0,4.0",463.0
463,"0,1,1,1,1,1",1,"17.0,5.0,0.0,11.0,6.0,6.0",464.0
464,"1,0,0,0,0,0",1,"21.0,4.0,3.0,9.0,3.0,3.0",465.0
465,"1,0,0,0,0,0",1,"10.0,3.0,6.0,4.0,7.0,6.0",466.0
466,"2,1,1,1,1,1",1,"16.0,3.0,1.0,0.0,10.0,4.0",467.0
467,"2,1,1,1,1,1",1,"16.0,6.0,0.0,10.0,5.0,5.0",468.0
468,"0,0,0,0,0,0",1,"22.0,4.0,3.0,11.0,4.0,4.0",469.0
469,"0,0,0,0,0,0",1,"18.0,6.0,6.0,6.0,5.0,6.0",470.0
470,"1,1,1,1,1,1",1,"14.0,3.0,2.0,0.0,5.0,4.0",471.0
471,"1,1,1,1,1,1",1,"16.0,6.0,0.0,10.0,5.0,6.0",472.0
472,"2,0,0,0,0,0",1,"22.0,3.0,3.0,10.0,4.0,4.0",473.0
473,"2,0,0,0,0,0",1,"17.0,3.0,6.0,7.0,5.0,6.0",474.0
474,"0,1,1,1,1,1",1,"11.0,3.0,1.0,0.0,9.0,3.0",475.0
475,"0,1,1,1,1,1",1,"19.0,5.0,0.0,13.0,5.0,6.0",476.0
476,"1,0,0,0,0,0",1,"24.0,4.0,3.0,7.0,4.0,3.0",477.0
477,"1,0,0,0,0,0",1,"11.0,5.0,6.0,9.0,7.0,6.0",478.0
478,"2,1,1,1,1,1",1,"15.0,3.0,0.0,0.0,10.0,3.0",479.0
479,"2,1,1,1,1,1",1,"15.0,5.0,0.0,8.0,4.0,6.0",480.0
480,"0,0,0,0,0,0",1,"24.0,4.0,3.0,10.0,4.0,4.0",481.0
481,"0,0,0,0,0,0",1,"16.0,4.0,6.0,4.0,5.0,6.0",482.0
482,"1,1,1,1,1,1",1,"13.0,4.0,1.0,0.0,11.0,4.0",483.0
483,"1,1,1,1,1,1",1,"17.0,6.0,0.0,8.0,4.0,5.0",484.0
484,"2,0,0,0,0,0",1,"20.0,3.0,3.0,10.0,4.0,4.0",485.0
485,"2,0,0,0,0,0",1,"20.0,3.0,5.0,7.0,6.0,6.0",486.0
486,"0,1,1,1,1,1",1,"15.0,4.0,2.0,0.0,10.0,4.0",487.0
487,"0,1,1,1,1,1",1,"15.0,4.0,0.0,10.0,5.0,5.0",488.0
488,"1,0,0,0,0,0",1,"25.0,4.0,3.0,9.0,4.0,4.0",489.0
489,"1,0,0,0,0,0",1,"17.0,6.0,5.0,4.0,5.0,6.0",490.0
490,"2,1,1,1,1,1",1,"14.0,4.0,2.0,0.0,10.0,4.0",491.0
491,"2,1,1,1,1,1",1,"16.0,4.0,0.0,8.0,6.0,5.0",492.0
492,"0,0,0,0,0,0",1,"24.0,4.0,3.0,9.0,4.0,4.0",493.0
493,"0,0,0,0,0,0",1,"16.0,4.0,5.0,5.0,6.0,6.0",494.0
494,"1,1,1,1,1,1",1,"12.0,4.0,2.0,0.0,10.0,4.0",495.0
495,"1,1,1,1,1,1",1,"17.0,5.0,0.0,9.0,4.0,5.0",496.0
496,"2,0,0,0,0,0",1,"25.0,4.0,3.0,10.0,4.0,4.0",497.0
497,"2,0,0,0,0,0",1,"18.0,2.0,6.0,4.0,5.0,6.0",498.0
498,"0,1,1,1,1,1",1,"15.0,2.0,0.0,0.0,10.0,4.0",499.0
499,"0,1,1,1,1,1",1,"17.0,6.0,0.0,10.0,4.0,4.0",500.0
500,"1,0,0,0,0,0",1,"21.0,4.0,3.0,9.0,4.0,4.0",501.0
501,"1,0,0,0,0,0",1,"19.0,6.0,6.0,7.0,5.0,6.0",502.0
502,"2,1,1,1,1,1",1,"16.0,3.0,2.0,0.0,10.0,4.0",503.0
503,"2,1,1,1,1,1",1,"17.0,6.0,0.0,8.0,5.0,5.0",504.0
504,"0,0,0,0,0,0",1,"25.0,3.0,3.0,9.0,4.0,4.0",505.0
505,"0,0,0,0,0,0",1,"16.0,4.0,5.0,4.0,5.0,6.0",506.0
506,"1,1,1,1,1,1",1,"11.0,4.0,1.0,0.0,10.0,4.0",507.0
507,"1,1,1,1,1,1",1,"18.0,6.0,0.0,9.0,5.0,5.0",508.0
508,"2,0,0,0,0,0",1,"22.0,3.0,3.0,9.0,4.0,4.0",509.0
509,"2,0,0,0,0,0",1,"18.0,5.0,5.0,8.0,8.0,6.0",510.0
510,"0,1,1,1,1,1",1,"12.0,4.0,1.0,0.0,10.0,4.0",511.0
511,"0,1,1,1,1,1",1,"20.0,5.0,0.0,7.0,6.0,6.0",512.0
512,"1,0,0,0,0,0",1,"22.0,4.0,2.0,9.0,4.0,3.0",513.0
513,"1,0,0,0,0,0",1,"18.0,5.0,6.0,5.0,5.0,6.0",514.0
514,"2,1,1,1,1,1",1,"12.0,4.0,2.0,0.0,5.0,4.0",515.0
515,"2,1,1,1,1,1",1,"19.0,5.0,0.0,9.0,4.0,5.0",516.0
516,"0,0,0,0,0,0",1,"22.0,4.0,3.0,9.0,4.0,4.0",517.0
517,"0,0,0,0,0,0",1,"15.0,3.0,6.0,8.0,5.0,6.0",518.0
518,"1,1,1,1,1,1",1,"10.0,3.0,2.0,0.0,5.0,4.0",519.0
519,"1,1,1,1,1,1",1,"8.0,6.0,0.0,9.0,5.0,5.0",520.0
520,"2,0,0,0,0,0",1,"15.0,4.0,3.0,10.0,4.0,4.0",521.0
521,"2,0,0,0,0,0",1,"8.0,3.0,5.0,6.0,5.0,5.0",522.0
522,"0,1,1,1,1,1",1,"11.0,4.0,4.0,0.0,10.0,4.0",523.0
523,"0,1,1,1,1,1",1,"7.0,6.0,0.0,9.0,6.0,5.0",524.0
524,"1,0,0,0,0,0",1,"18.0,4.0,3.0,8.0,4.0,4.0",525.0
525,"1,0,0,0,0,0",1,"9.0,4.0,5.0,8.0,5.0,6.0",526.0
526,"2,1,1,1,1,1",1,"11.0,4.0,1.0,0.0,10.0,3.0",527.0
527,"2,1,1,1,1,1",1,"8.0,6.0,0.0,11.0,5.0,5.0",528.0
528,"0,0,0,0,0,0",1,"16.0,4.0,3.0,8.0,4.0,4.0",529.0
529,"0,0,0,0,0,0",1,"16.0,1.0,6.0,4.0,6.0,6.0",530.0
530,"1,1,1,1,1,1",1,"9.0,3.0,1.0,0.0,10.0,4.0",531.0
531,"1,1,1,1,1,1",1,"9.0,6.0,0.0,9.0,4.0,6.0",532.0
532,"2,0,0,0,0,0",1,"19.0,4.0,3.0,10.0,4.0,3.0",533.0
533,"2,0,0,0,0,0",1,"12.0,5.0,6.0,5.0,6.0,6.0",534.0
534,"0,1,1,1,1,1",1,"8.0,4.0,2.0,0.0,5.0,3.0",535.0
535,"0,1,1,1,1,1",1,"7.0,5.0,0.0,11.0,7.0,6.0",536.0
536,"1,0,0,0,0,0",1,"17.0,3.0,2.0,9.0,3.0,4.0",537.0
537,"1,0,0,0,0,0",1,"12.0,3.0,6.0,8.0,6.0,6.0",538.0
538,"2,1,1,1,1,1",1,"7.0,1.0,1.0,0.0,10.0,4.0",539.0
539,"2,1,1,1,1,1",1,"7.0,0.0,0.0,8.0,5.0,5.0",540.0
540,"0,0,0,0,0,0",1,"15.0,3.0,4.0,9.0,4.0,4.0",541.0
541,"0,0,0,0,0,0",1,"14.0,4.0,6.0,4.0,5.0,6.0",542.0
542,"1,1,1,1,1,1",1,"11.0,0.0,4.0,0.0,6.0,4.0",543.0
543,"1,1,1,1,1,1",1,"9.0,1.0,1.0,10.0,5.0,5.0",544.0
544,"2,0,0,0,0,0",1,"17.0,3.0,3.0,8.0,4.0,4.0",545.0
545,"2,0,0,0,0,0",1,"13.0,6.0,6.0,9.0,5.0,6.0",546.0
546,"0,1,1,1,1,1",1,"9.0,1.0,1.0,0.0,10.0,4.0",547.0
547,"0,1,1,1,1,1",1,"9.0,0.0,0.0,9.0,5.0,5.0",548.0
548,"1,0,0,0,0,0",1,"18.0,3.0,3.0,12.0,4.0,4.0",549.0
549,"1,0,0,0,0,0",1,"6.0,6.0,6.0,8.0,6.0,6.0",550.0
550,"2,1,1,1,1,1",1,"9.0,1.0,1.0,0.0,11.0,4.0",551.0
551,"2,1,1,1,1,1",1,"9.0,1.0,0.0,9.0,5.0,5.0",552.0
552,"0,0,0,0,0,0",1,"18.0,3.0,3.0,8.0,4.0,4.0",553.0
553,"0,0,0,0,0,0",1,"12.0,4.0,5.0,4.0,5.0,6.0",554.0
554,"1,1,1,1,1,1",1,"8.0,1.0,1.0,0.0,10.0,4.0",555.0
555,"1,1,1,1,1,1",1,"5.0,0.0,0.0,9.0,5.0,5.0",556.0
556,"2,0,0,0,0,0",1,"21.0,3.0,3.0,9.0,4.0,4.0",557.0
557,"2,0,0,0,0,0",1,"12.0,3.0,5.0,6.0,5.0,6.0",558.0
558,"0,1,1,1,1,1",1,"16.0,3.0,4.0,0.0,11.0,3.0",559.0
559,"0,1,1,1,1,1",1,"6.0,5.0,0.0,10.0,5.0,6.0",560.0
560,"1,0,0,0,0,0",1,"16.0,4.0,3.0,8.0,4.0,3.0",561.0
561,"1,0,0,0,0,0",1,"14.0,6.0,5.0,6.0,7.0,6.0",562.0
562,"2,1,1,1,1,1",1,"10.0,2.0,2.0,0.0,10.0,3.0",563.0
563,"2,1,1,1,1,1",1,"10.0,0.0,0.0,8.0,7.0,6.0",564.0
564,"0,0,0,0,0,0",1,"16.0,3.0,3.0,8.0,4.0,3.0",565.0
565,"0,0,0,0,0,0",1,"7.0,4.0,6.0,5.0,7.0,6.0",566.0
566,"1,1,1,1,1,1",1,"12.0,1.0,1.0,0.0,11.0,4.0",567.0
567,"1,1,1,1,1,1",1,"5.0,0.0,0.0,11.0,5.0,6.0",568.0
568,"2,0,0,0,0,0",1,"17.0,3.0,3.0,10.0,4.0,4.0",569.0
569,"2,0,0,0,0,0",1,"13.0,4.0,5.0,4.0,6.0,6.0",570.0
570,"0,1,1,1,1,1",1,"7.0,1.0,2.0,0.0,3.0,4.0",571.0
571,"0,1,1,1,1,1",1,"5.0,1.0,0.0,10.0,6.0,6.0",572.0
572,"1,0,0,0,0,0",1,"16.0,3.0,3.0,5.0,4.0,4.0",573.0
573,"1,0,0,0,0,0",1,"9.0,6.0,6.0,7.0,5.0,6.0",574.0
574,"2,1,1,1,1,1",1,"13.0,0.0,3.0,0.0,5.0,3.0",575.0
575,"2,1,1,1,1,1",1,"7.0,0.0,1.0,11.0,5.0,5.0",576.0
576,"0,0,0,0,0,0",1,"13.0,3.0,3.0,10.0,4.0,4.0",577.0
577,"0,0,0,0,0,0",1,"12.0,4.0,5.0,7.0,5.0,6.0",578.0
578,"1,1,1,1,1,1",1,"10.0,4.0,2.0,0.0,4.0,4.0",579.0
579,"1,1,1,1,1,1",1,"10.0,1.0,0.0,9.0,5.0,5.0",580.0
580,"2,0,0,0,0,0",1,"15.0,3.0,3.0,8.0,4.0,4.0",581.0
581,"2,0,0,0,0,0",1,"10.0,3.0,5.0,9.0,6.0,6.0",582.0
582,"0,1,1,1,1,1",1,"11.0,2.0,2.0,0.0,3.0,4.0",583.0
583,"0,1,1,1,1,1",1,"8.0,0.0,0.0,11.0,6.0,5.0",584.0
584,"1,0,0,0,0,0",1,"19.0,3.0,3.0,10.0,4.0,4.0",585.0
585,"1,0,0,0,0,0",1,"9.0,4.0,6.0,9.0,6.0,6.0",586.0
586,"2,1,1,1,1,1",1,"8.0,4.0,2.0,0.0,4.0,4.0",587.0
587,"2,1,1,1,1,1",1,"5.0,0.0,0.0,11.0,6.0,6.0",588.0
588,"0,0,0,0,0,0",1,"19.0,3.0,3.0,11.0,3.0,4.0",589.0
589,"0,0,0,0,0,0",1,"10.0,4.0,4.0,7.0,5.0,6.0",590.0
590,"1,1,1,1,1,1",1,"9.0,2.0,1.0,0.0,4.0,4.0",591.0
591,"1,1,1,1,1,1",1,"9.0,0.0,1.0,12.0,6.0,6.0",592.0
592,"2,0,0,0,0,0",1,"14.0,3.0,4.0,11.0,3.0,4.0",593.0
593,"2,0,0,0,0,0",1,"9.0,6.0,6.0,6.0,6.0,6.0",594.0
594,"0,1,1,1,1,1",1,"12.0,3.0,4.0,0.0,4.0,4.0",595.0
595,"0,1,1,1,1,1",1,"9.0,1.0,1.0,13.0,6.0,6.0",596.0
596,"1,0,0,0,0,0",1,"13.0,3.0,3.0,7.0,4.0,4.0",597.0
597,"1,0,0,0,0,0",1,"9.0,6.0,5.0,9.0,6.0,6.0",598.0
598,"2,1,1,1,1,1",1,"9.0,3.0,4.0,0.0,4.0,4.0",599.0
599,"2,1,1,1,1,1",1,"10.0,0.0,6.0,11.0,6.0,6.0",600.0
600,"0,0,0,0,0,0",1,"16.0,3.0,4.0,9.0,3.0,3.0",601.0
601,"0,0,0,0,0,0",1,"9.0,5.0,4.0,6.0,5.0,6.0",602.0
602,"1,1,1,1,1,1",1,"8.0,3.0,4.0,0.0,3.0,3.0",603.0
603,"1,1,1,1,1,1",1,"9.0,3.0,6.0,9.0,6.0,5.0",604.0
604,"2,0,0,0,0,0",1,"15.0,3.0,4.0,10.0,4.0,4.0",605.0
605,"2,0,0,0,0,0",1,"12.0,5.0,5.0,7.0,6.0,5.0",606.0
606,"0,1,1,1,1,1",1,"11.0,4.0,4.0,10.0,3.0,4.0",607.0
607,"0,1,1,1,1,1",1,"7.0,6.0,6.0,10.0,6.0,5.0",608.0
608,"1,0,0,0,0,0",1,"13.0,3.0,4.0,10.0,3.0,3.0",609.0
609,"1,0,0,0,0,0",1,"9.0,5.0,5.0,6.0,5.0,2.0",610.0
610,"2,1,1,1,1,1",1,"11.0,3.0,4.0,0.0,2.0,3.0",611.0
611,"2,1,1,1,1,1",1,"7.0,6.0,6.0,9.0,0.0,5.0",612.0
612,"0,0,0,0,0,0",1,"16.0,3.0,4.0,9.0,3.0,2.0",613.0
613,"0,0,0,0,0,0",1,"10.0,6.0,6.0,8.0,5.0,0.0",614.0
614,"1,1,1,1,1,1",1,"10.0,4.0,3.0,0.0,2.0,2.0",615.0
615,"1,1,1,1,1,1",1,"12.0,6.0,6.0,8.0,0.0,6.0",616.0
616,"2,0,0,0,0,0",1,"16.0,4.0,4.0,11.0,3.0,1.0",617.0
617,"2,0,0,0,0,0",1,"10.0,4.0,5.0,5.0,6.0,0.0",618.0
618,"0,1,1,1,1,1",1,"10.0,4.0,4.0,0.0,1.0,3.0",619.0
619,"0,1,1,1,1,1",1,"9.0,6.0,6.0,10.0,0.0,6.0",620.0
620,"1,0,0,0,0,0",1,"13.0,4.0,4.0,7.0,3.0,1.0",621.0
621,"1,0,0,0,0,0",1,"6.0,3.0,5.0,7.0,5.0,0.0",622.0
622,"2,1,1,1,1,1",1,"16.0,4.0,4.0,0.0,4.0,3.0",623.0
623,"2,1,1,1,1,1",1,"9.0,6.0,6.0,12.0,0.0,4.0",624.0
624,"0,0,0,0,0,0",1,"16.0,4.0,3.0,7.0,3.0,2.0",625.0
625,"0,0,0,0,0,0",1,"8.0,3.0,5.0,6.0,6.0,0.0",626.0
626,"1,1,1,1,1,1",1,"10.0,3.0,4.0,0.0,1.0,3.0",627.0
627,"1,1,1,1,1,1",1,"8.0,6.0,6.0,9.0,0.0,6.0",628.0
628,"2,0,0,0,0,0",1,"14.0,2.0,4.0,8.0,3.0,1.0",629.0
629,"2,0,0,0,0,0",1,"13.0,1.0,5.0,8.0,5.0,1.0",630.0
630,"0,1,1,1,1,1",1,"11.0,4.0,4.0,0.0,1.0,4.0",631.0
631,"0,1,1,1,1,1",1,"13.0,6.0,6.0,10.0,0.0,6.0",632.0
632,"1,0,0,0,0,0",1,"20.0,3.0,4.0,8.0,3.0,0.0",633.0
633,"1,0,0,0,0,0",1,"12.0,5.0,6.0,8.0,5.0,0.0",634.0
634,"2,1,1,1,1,1",1,"14.0,4.0,4.0,0.0,1.0,3.0",635.0
635,"2,1,1,1,1,1",1,"15.0,6.0,6.0,11.0,0.0,6.0",636.0
636,"0,0,0,0,0,0",1,"22.0,4.0,2.0,6.0,3.0,0.0",637.0
637,"0,0,0,0,0,0",1,"16.0,4.0,5.0,10.0,6.0,0.0",638.0
638,"1,1,1,1,1,1",1,"15.0,3.0,4.0,0.0,0.0,3.0",639.0
639,"1,1,1,1,1,1",1,"14.0,5.0,6.0,10.0,0.0,5.0",640.0
640,"2,0,0,0,0,0",1,"19.0,4.0,4.0,9.0,3.0,2.0",641.0
641,"2,0,0,0,0,0",1,"14.0,6.0,6.0,6.0,5.0,0.0",642.0
642,"0,1,1,1,1,1",1,"9.0,3.0,3.0,10.0,1.0,3.0",643.0
643,"0,1,1,1,1,1",1,"10.0,6.0,6.0,9.0,0.0,5.0",644.0
644,"1,0,0,0,0,0",1,"12.0,4.0,4.0,10.0,3.0,2.0",645.0
645,"1,0,0,0,0,0",1,"13.0,5.0,5.0,9.0,5.0,0.0",646.0
646,"2,1,1,1,1,1",1,"12.0,3.0,4.0,0.0,4.0,3.0",647.0
647,"2,1,1,1,1,1",1,"16.0,5.0,6.0,9.0,1.0,5.0",648.0
648,"0,0,0,0,0,0",1,"18.0,4.0,3.0,12.0,3.0,1.0",649.0
649,"0,0,0,0,0,0",1,"12.0,5.0,5.0,8.0,5.0,1.0",650.0
650,"1,1,1,1,1,1",1,"13.0,3.0,4.0,0.0,2.0,3.0",651.0
651,"1,1,1,1,1,1",1,"13.0,5.0,6.0,10.0,0.0,6.0",652.0
652,"2,0,0,0,0,0",1,"18.0,4.0,4.0,8.0,3.0,2.0",653.0
653,"2,0,0,0,0,0",1,"12.0,5.0,6.0,8.0,6.0,2.0",654.0
654,"0,1,1,1,1,1",1,"12.0,3.0,3.0,0.0,2.0,4.0",655.0
655,"0,1,1,1,1,1",1,"17.0,5.0,6.0,10.0,0.0,5.0",656.0
656,"1,0,0,0,0,0",1,"20.0,3.0,4.0,7.0,3.0,2.0",657.0
657,"1,0,0,0,0,0",1,"13.0,6.0,6.0,9.0,5.0,1.0",658.0
658,"2,1,1,1,1,1",1,"15.0,3.0,4.0,0.0,1.0,3.0",659.0
659,"2,1,1,1,1,1",1,"14.0,5.0,6.0,10.0,0.0,5.0",660.0
660,"0,0,0,0,0,0",1,"19.0,3.0,4.0,10.0,3.0,2.0",661.0
661,"0,0,0,0,0,0",1,"11.0,5.0,5.0,7.0,5.0,0.0",662.0
662,"1,1,1,1,1,1",1,"11.0,4.0,4.0,0.0,2.0,3.0",663.0
663,"1,1,1,1,1,1",1,"18.0,6.0,6.0,9.0,0.0,6.0",664.0
664,"2,0,0,0,0,0",1,"21.0,4.0,3.0,9.0,3.0,1.0",665.0
665,"2,0,0,0,0,0",1,"14.0,4.0,5.0,10.0,6.0,1.0",666.0
666,"0,1,1,1,1,1",1,"14.0,2.0,4.0,0.0,1.0,3.0",667.0
667,"0,1,1,1,1,1",1,"17.0,6.0,6.0,8.0,0.0,5.0",668.0
668,"1,0,0,0,0,0",1,"19.0,3.0,4.0,10.0,3.0,3.0",669.0
669,"1,0,0,0,0,0",1,"11.0,4.0,6.0,8.0,5.0,0.0",670.0
670,"2,1,1,1,1,1",1,"16.0,4.0,3.0,0.0,3.0,3.0",671.0
671,"2,1,1,1,1,1",1,"15.0,5.0,6.0,10.0,0.0,5.0",672.0
672,"0,0,0,0,0,0",1,"20.0,4.0,3.0,10.0,3.0,2.0",673.0
673,"0,0,0,0,0,0",1,"12.0,4.0,6.0,6.0,5.0,0.0",674.0
674,"1,1,1,1,1,1",1,"16.0,4.0,3.0,0.0,2.0,3.0",675.0
675,"1,1,1,1,1,1",1,"15.0,6.0,6.0,9.0,0.0,5.0",676.0
676,"2,0,0,0,0,0",1,"17.0,3.0,4.0,6.0,3.0,1.0",677.0
677,"2,0,0,0,0,0",1,"15.0,5.0,5.0,8.0,5.0,2.0",678.0
678,"0,1,1,1,1,1",1,"14.0,3.0,3.0,0.0,0.0,3.0",679.0
679,"0,1,1,1,1,1",1,"15.0,5.0,6.0,10.0,0.0,5.0",680.0
680,"1,0,0,0,0,0",1,"21.0,4.0,4.0,9.0,3.0,3.0",681.0
681,"1,0,0,0,0,0",1,"14.0,3.0,6.0,2.0,5.0,0.0",682.0
682,"2,1,1,1,1,1",1,"14.0,3.0,3.0,0.0,1.0,3.0",683.0
683,"2,1,1,1,1,1",1,"18.0,5.0,6.0,10.0,0.0,5.0",684.0
684,"0,0,0,0,0,0",1,"18.0,4.0,4.0,7.0,3.0,1.0",685.0
685,"0,0,0,0,0,0",1,"12.0,4.0,5.0,7.0,5.0,0.0",686.0
686,"1,1,1,1,1,1",1,"16.0,4.0,4.0,0.0,1.0,2.0",687.0
687,"1,1,1,1,1,1",1,"15.0,5.0,6.0,9.0,0.0,6.0",688.0
688,"2,0,0,0,0,0",1,"21.0,4.0,3.0,11.0,3.0,2.0",689.0
689,"2,0,0,0,0,0",1,"14.0,5.0,6.0,7.0,6.0,0.0",690.0
690,"0,1,1,1,1,1",1,"14.0,4.0,4.0,0.0,1.0,3.0",691.0
691,"0,1,1,1,1,1",1,"17.0,5.0,6.0,13.0,0.0,6.0",692.0
692,"1,0,0,0,0,0",1,"19.0,4.0,4.0,10.0,3.0,1.0",693.0
693,"1,0,0,0,0,0",1,"8.0,6.0,6.0,9.0,5.0,1.0",694.0
694,"2,1,1,1,1,1",1,"17.0,4.0,3.0,0.0,3.0,3.0",695.0
695,"2,1,1,1,1,1",1,"16.0,5.0,6.0,11.0,0.0,6.0",696.0
696,"0,0,0,0,0,0",1,"18.0,4.0,4.0,8.0,3.0,3.0",697.0
697,"0,0,0,0,0,0",1,"15.0,6.0,6.0,7.0,5.0,1.0",698.0
698,"1,1,1,1,1,1",1,"16.0,3.0,4.0,0.0,2.0,3.0",699.0
699,"1,1,1,1,1,1",1,"16.0,6.0,6.0,9.0,0.0,5.0",700.0
700,"2,0,0,0,0,0",1,"20.0,4.0,4.0,8.0,3.0,3.0",701.0
701,"2,0,0,0,0,0",1,"13.0,4.0,5.0,9.0,5.0,1.0",702.0
702,"0,1,1,1,1,1",1,"17.0,4.0,3.0,0.0,2.0,3.0",703.0
703,"0,1,1,1,1,1",1,"16.0,6.0,6.0,7.0,0.0,6.0",704.0
704,"1,0,0,0,0,0",1,"19.0,3.0,2.0,8.0,3.0,1.0",705.0
705,"1,0,0,0,0,0",1,"11.0,4.0,6.0,7.0,6.0,0.0",706.0
706,"2,1,1,1,1,1",1,"13.0,3.0,4.0,0.0,1.0,4.0",707.0
707,"2,1,1,1,1,1",1,"17.0,5.0,6.0,7.0,0.0,5.0",708.0
708,"0,0,0,0,0,0",1,"19.0,4.0,4.0,9.0,3.0,2.0",709.0
709,"0,0,0,0,0,0",1,"16.0,6.0,5.0,4.0,5.0,0.0",710.0
710,"1,1,1,1,1,1",1,"14.0,4.0,4.0,0.0,1.0,3.0",711.0
711,"1,1,1,1,1,1",1,"15.0,5.0,6.0,10.0,0.0,5.0",712.0
712,"2,0,0,0,0,0",1,"19.0,4.0,3.0,8.0,3.0,2.0",713.0
713,"2,0,0,0,0,0",1,"11.0,6.0,5.0,7.0,5.0,1.0",714.0
714,"0,1,1,1,1,1",1,"14.0,3.0,3.0,0.0,2.0,3.0",715.0
715,"0,1,1,1,1,1",1,"17.0,5.0,6.0,10.0,0.0,6.0",716.0
716,"1,0,0,0,0,0",1,"22.0,4.0,4.0,10.0,3.0,2.0",717.0
717,"1,0,0,0,0,0",1,"13.0,6.0,5.0,7.0,6.0,0.0",718.0
718,"2,1,1,1,1,1",1,"9.0,4.0,4.0,0.0,1.0,3.0",719.0
719,"2,1,1,1,1,1",1,"14.0,5.0,6.0,9.0,0.0,6.0",720.0
